City,Country,date,Year,Month,MPSI,MPSI_star,N_elevated,SmogMonth,SmogMonth_refined,Formula detected Smog,Refined detected Smog
Delhi,India,2018-07,2018,7,-0.46229566443003167,-1.6895942378449278,1,0,0,No,No
Delhi,India,2018-08,2018,8,-0.6801948255190686,-0.6828973459632072,0,0,0,No,No
Delhi,India,2018-09,2018,9,-0.45117523533354575,-0.783404804496702,0,0,0,No,No
Delhi,India,2018-10,2018,10,0.7480618622183627,-0.012406220430196013,2,0,0,No,No
Delhi,India,2018-11,2018,11,0.4328793737738194,0.8490754981374128,1,0,0,No,No
Delhi,India,2018-12,2018,12,0.41272448929046607,2.31922711059762,2,0,1,No,Yes
Delhi,India,2019-01,2019,1,0.33403923520572726,1.5264694439402837,1,0,0,No,No
Delhi,India,2019-02,2019,2,0.061435867826329225,1.3279244495251679,2,0,0,No,No
Delhi,India,2019-03,2019,3,-0.07702715069880008,-0.17104241177421814,0,0,0,No,No
Delhi,India,2019-04,2019,4,0.4532796432876542,-0.10276864155284121,1,0,0,No,No
Delhi,India,2019-05,2019,5,0.3840700941932137,-0.8675081176205671,1,0,0,No,No
Delhi,India,2019-06,2019,6,0.2661280511244133,-1.0793639617148598,1,0,0,No,No
Delhi,India,2019-07,2019,7,-0.49793287556282156,-1.6931315036686438,0,0,0,No,No
Delhi,India,2019-08,2019,8,-0.9016735331765766,-0.8126210130909237,0,0,0,No,No
Delhi,India,2019-09,2019,9,-0.8711146135163352,-0.32359815804992176,0,0,0,No,No
Delhi,India,2019-10,2019,10,0.3102052688913112,0.478824370805935,1,0,0,No,No
Delhi,India,2019-11,2019,11,-0.6303851446357434,0.004086344938017086,0,0,0,No,No
Delhi,India,2019-12,2019,12,1.1689751570616296,1.712729198262559,4,1,0,Yes,No
Delhi,India,2020-01,2020,1,0.3030202309084825,1.1908859847584177,2,0,0,No,No
Delhi,India,2020-02,2020,2,0.4404873634958705,0.1987010123876649,1,0,0,No,No
Delhi,India,2020-03,2020,3,0.07875629561747602,-0.9206080406322114,1,0,0,No,No
Delhi,India,2020-04,2020,4,-0.053069082049719274,-1.395795120556383,1,0,0,No,No
Delhi,India,2020-05,2020,5,0.2458162790697104,-0.8661992042892865,1,0,0,No,No
Delhi,India,2020-06,2020,6,-0.13375722272942864,-1.103373886253769,1,0,0,No,No
Delhi,India,2020-07,2020,7,-1.0263315827731458,-1.2546685381781968,0,0,0,No,No
Delhi,India,2020-08,2020,8,-1.1720023398725015,-0.5117868149296387,0,0,0,No,No
Delhi,India,2020-09,2020,9,-0.5535298520835962,0.31733127599790933,0,0,0,No,No
Delhi,India,2020-10,2020,10,0.4601409188290768,0.7403005676024181,2,0,0,No,No
Delhi,India,2020-11,2020,11,0.9134289570391718,1.3172162593185188,4,0,0,No,No
Delhi,India,2020-12,2020,12,0.49704003454860385,2.2879965047745583,2,0,1,No,Yes
Delhi,India,2021-01,2021,1,-0.32229594232695546,0.9800959166302465,1,0,0,No,No
Delhi,India,2021-02,2021,2,0.35448290991745524,1.5826572956226095,2,0,0,No,No
Delhi,India,2021-03,2021,3,-0.0651921676506753,-0.795447084899191,0,0,0,No,No
Delhi,India,2021-04,2021,4,0.4028957106272476,-0.2188746605403179,1,0,0,No,No
Delhi,India,2021-05,2021,5,-0.17760240365577143,-0.370263359068079,1,0,0,No,No
Delhi,India,2021-06,2021,6,-0.37185269334916293,-0.9909496141898321,0,0,0,No,No
Delhi,India,2021-07,2021,7,-0.5443859127160023,-1.3196462537024691,0,0,0,No,No
Delhi,India,2021-08,2021,8,-0.5727664349209319,-1.1026002491569733,0,0,0,No,No
Delhi,India,2021-09,2021,9,-0.7149525454135678,-0.6850592859091401,0,0,0,No,No
Delhi,India,2021-10,2021,10,0.10188247602481856,0.131503128007397,1,0,0,No,No
Delhi,India,2021-11,2021,11,1.1165264019245371,1.7660219723136632,4,1,0,Yes,No
Delhi,India,2021-12,2021,12,0.7932606015390136,1.0225621948920771,2,0,0,No,No
Delhi,India,2022-01,2022,1,0.5785579996731836,0.8907641069655906,2,0,0,No,No
Delhi,India,2022-02,2022,2,0.41252948439373177,-0.08876899885878178,1,0,0,No,No
Delhi,India,2022-03,2022,3,0.34190175329582717,-0.11278067029976,0,0,0,No,No
Delhi,India,2022-04,2022,4,0.5142980905120196,-0.7063940973030371,2,0,0,No,No
Delhi,India,2022-05,2022,5,0.6961457839098,-0.8576361665819774,2,0,0,No,No
Delhi,India,2022-06,2022,6,0.0004273429766851633,-0.7967341009141075,0,0,0,No,No
Delhi,India,2022-07,2022,7,-1.073672753249514,-1.3030709549570336,0,0,0,No,No
Delhi,India,2022-08,2022,8,-1.1327826432154124,-0.7861290175709368,0,0,0,No,No
Delhi,India,2022-09,2022,9,-0.6466671087109986,-0.3976128461635502,0,0,0,No,No
Delhi,India,2022-10,2022,10,0.0010480319375398284,0.16147377407765898,1,0,0,No,No
Delhi,India,2022-11,2022,11,0.009772772129629775,1.1790555360845942,0,0,0,No,No
Delhi,India,2022-12,2022,12,0.298441246347508,2.8178334355213455,2,0,1,No,Yes
Delhi,India,2023-01,2023,1,0.2447649307070363,2.109649169958363,2,0,1,No,Yes
Delhi,India,2023-02,2023,2,0.03951511221610341,1.2628486462129265,0,0,0,No,No
Delhi,India,2023-03,2023,3,-0.10947400329200496,-0.14046962709153454,0,0,0,No,No
Delhi,India,2023-04,2023,4,0.5300197868100887,-0.6124740254490484,1,0,0,No,No
Delhi,India,2023-05,2023,5,0.3007494549649969,-1.3694238332117847,2,0,0,No,No
Delhi,India,2023-06,2023,6,-0.513348855328674,-1.499100034265761,0,0,0,No,No
Delhi,India,2023-07,2023,7,-1.1757018186233061,-0.5539018844415953,0,0,0,No,No
Delhi,India,2023-08,2023,8,-0.6403562238245167,-0.6796526451918729,0,0,0,No,No
Delhi,India,2023-09,2023,9,-0.6223896989068101,-0.4126164652648834,0,0,0,No,No
Delhi,India,2023-10,2023,10,0.2082384049536868,0.03916161594134393,0,0,0,No,No
Delhi,India,2023-11,2023,11,0.6938810329290334,-0.13878178850514328,2,0,0,No,No
Delhi,India,2023-12,2023,12,1.0441018773943702,1.9947608713089815,3,1,1,Yes,Yes
Delhi,India,2024-01,2024,1,1.0665884762291318,1.3506245511136266,2,1,0,Yes,No
Delhi,India,2024-02,2024,2,0.20089149115486213,0.4967902300799245,1,0,0,No,No
Delhi,India,2024-03,2024,3,0.29813486877969314,0.2672234930203897,1,0,0,No,No
Delhi,India,2024-04,2024,4,0.44742462519303994,-1.0399539714986537,1,0,0,No,No
Delhi,India,2024-05,2024,5,0.8025727740246144,-0.48591990477247926,2,0,0,No,No
Delhi,India,2024-06,2024,6,-0.16506120755922357,-1.1007454776524688,0,0,0,No,No
Delhi,India,2024-07,2024,7,-1.1837442776542797,-1.1234044156833947,0,0,0,No,No
Delhi,India,2024-08,2024,8,-1.1696378783604824,-0.4678531791709528,0,0,0,No,No
Delhi,India,2024-09,2024,9,-0.8396592859861158,-0.2157358341399807,0,0,0,No,No
Delhi,India,2024-10,2024,10,-0.09452172164970901,0.4896981860785683,0,0,0,No,No
Delhi,India,2024-11,2024,11,0.3687759395195117,0.40367429578358727,2,0,0,No,No
Delhi,India,2024-12,2024,12,0.2682361963089586,1.4256020268418406,1,0,0,No,No
Delhi,India,2025-01,2025,1,0.7173989760167092,1.8673246441814335,3,0,1,No,Yes
Delhi,India,2025-02,2025,2,0.23180117397174538,-0.2070706574263039,0,0,0,No,No
Delhi,India,2025-03,2025,3,0.2183636302564957,-0.5553481850493459,1,0,0,No,No
Delhi,India,2025-04,2025,4,0.7997568889357695,-0.9567565670455349,3,0,0,No,No
Delhi,India,2025-05,2025,5,0.36056352093097493,-0.9536967557041156,1,0,0,No,No
Delhi,India,2025-06,2025,6,-0.09927648360546697,-0.6068558950940719,0,0,0,No,No
Delhi,India,2025-07,2025,7,-0.9947780112105697,-0.6954424994388915,0,0,0,No,No
Delhi,India,2025-08,2025,8,-1.1375420394120452,-0.5720690072673335,0,0,0,No,No
Delhi,India,2025-09,2025,9,-0.890637716922351,-0.9759018093854817,0,0,0,No,No
Delhi,India,2025-10,2025,10,-0.014790074461533426,0.22675521277886213,0,0,0,No,No
Delhi,India,2025-11,2025,11,0.8706958096328463,2.157294320691539,3,0,1,No,Yes
Delhi,India,2025-12,2025,12,-0.061555674132578564,1.271767198759254,1,0,0,No,No
Delhi,India,2026-01,2026,1,0.10284973019895313,2.306985470137133,1,0,0,No,No
Delhi,India,2026-02,2026,2,0.018527749786081536,0.907147302292908,0,0,0,No,No
Delhi,India,2026-03,2026,3,-0.1357635047953363,0.18068286463462663,0,0,0,No,No
Delhi,India,2026-04,2026,4,0.02588362127220235,-0.48091294054288114,0,0,0,No,No
Delhi,India,2026-05,2026,5,-0.015653494130875023,-1.8046986340275781,0,0,0,No,No
Delhi,India,2026-06,2026,6,0.004155897668976572,-1.1092040624942099,1,0,0,No,No
Dhaka,Bangladesh,2018-07,2018,7,-0.46318345542671613,-1.3796715186298876,1,0,0,No,No
Dhaka,Bangladesh,2018-08,2018,8,-0.5400073122594397,-0.994936191844934,0,0,0,No,No
Dhaka,Bangladesh,2018-09,2018,9,-0.4889764493586279,-0.33744869233931235,0,0,0,No,No
Dhaka,Bangladesh,2018-10,2018,10,0.2063825038599199,-0.11294547127332696,0,0,0,No,No
Dhaka,Bangladesh,2018-11,2018,11,1.0693863757348985,2.126125223495949,4,1,1,Yes,Yes
Dhaka,Bangladesh,2018-12,2018,12,0.21639833744996348,0.698876650591513,2,0,0,No,No
Dhaka,Bangladesh,2019-01,2019,1,0.7402646887701338,1.8977521930144912,3,0,1,No,Yes
Dhaka,Bangladesh,2019-02,2019,2,0.17918565560557917,1.6258266084591568,1,0,0,No,No
Dhaka,Bangladesh,2019-03,2019,3,0.6268988307297164,0.629152494887722,1,0,0,No,No
Dhaka,Bangladesh,2019-04,2019,4,0.4685564778319419,-0.08269389051706136,0,0,0,No,No
Dhaka,Bangladesh,2019-05,2019,5,0.46462256896530213,-1.0733356697185077,2,0,0,No,No
Dhaka,Bangladesh,2019-06,2019,6,-0.20876265590271625,-1.3162988477893125,1,0,0,No,No
Dhaka,Bangladesh,2019-07,2019,7,-0.6874742495023026,-1.2330902328573798,0,0,0,No,No
Dhaka,Bangladesh,2019-08,2019,8,-1.0647219113768922,-1.8181001662652694,0,0,0,No,No
Dhaka,Bangladesh,2019-09,2019,9,-0.4768159336845585,-0.1873731329506581,0,0,0,No,No
Dhaka,Bangladesh,2019-10,2019,10,-0.12906028601440428,0.162001558278895,0,0,0,No,No
Dhaka,Bangladesh,2019-11,2019,11,-0.118587435037444,0.5423210384521607,1,0,0,No,No
Dhaka,Bangladesh,2019-12,2019,12,0.20589424961564712,0.8538380470057678,0,0,0,No,No
Dhaka,Bangladesh,2020-01,2020,1,0.25167692647327294,0.19448362641649797,1,0,0,No,No
Dhaka,Bangladesh,2020-02,2020,2,0.8502587643683623,0.6598100170177386,1,0,0,No,No
Dhaka,Bangladesh,2020-03,2020,3,0.7287496443844735,0.5207520068573267,2,0,0,No,No
Dhaka,Bangladesh,2020-04,2020,4,0.6323687711297399,-1.379605828243915,2,0,0,No,No
Dhaka,Bangladesh,2020-05,2020,5,0.18371790544902739,-0.6786871372329615,1,0,0,No,No
Dhaka,Bangladesh,2020-06,2020,6,-0.7053544153600714,-1.469040693058641,0,0,0,No,No
Dhaka,Bangladesh,2020-07,2020,7,-0.9906667941757247,-1.9169036504470576,0,0,0,No,No
Dhaka,Bangladesh,2020-08,2020,8,-0.8283675588367384,-0.29731699362355324,0,0,0,No,No
Dhaka,Bangladesh,2020-09,2020,9,-0.5895573995215969,0.37053513437416313,0,0,0,No,No
Dhaka,Bangladesh,2020-10,2020,10,-0.36200364083493675,1.021442775434346,1,0,0,No,No
Dhaka,Bangladesh,2020-11,2020,11,0.3758817228256063,1.1881497878472516,1,0,0,No,No
Dhaka,Bangladesh,2020-12,2020,12,0.4532960740985798,1.7863809546588174,2,0,0,No,No
Dhaka,Bangladesh,2021-01,2021,1,0.001762688949535507,2.5753336845018024,2,0,1,No,Yes
Dhaka,Bangladesh,2021-02,2021,2,0.6546423901227783,1.2959258036326229,1,0,0,No,No
Dhaka,Bangladesh,2021-03,2021,3,0.7134712925945139,1.2231658392216462,2,0,0,No,No
Dhaka,Bangladesh,2021-04,2021,4,0.6411056004418304,0.6465561019837719,3,0,0,No,No
Dhaka,Bangladesh,2021-05,2021,5,-0.3363605593377148,-0.6746796022935714,1,0,0,No,No
Dhaka,Bangladesh,2021-06,2021,6,-0.733267696016932,-0.6756679954920068,0,0,0,No,No
Dhaka,Bangladesh,2021-07,2021,7,-0.7327816994254464,-1.8539839028545149,0,0,0,No,No
Dhaka,Bangladesh,2021-08,2021,8,-0.599909105848843,-1.461302636860293,0,0,0,No,No
Dhaka,Bangladesh,2021-09,2021,9,-0.3509296054580861,-0.8288128541789841,0,0,0,No,No
Dhaka,Bangladesh,2021-10,2021,10,0.01140118818777749,-0.4452790279172545,0,0,0,No,No
Dhaka,Bangladesh,2021-11,2021,11,0.4773546051658796,0.16316883474999444,2,0,0,No,No
Dhaka,Bangladesh,2021-12,2021,12,0.25351090062470905,0.03557575550678682,1,0,0,No,No
Dhaka,Bangladesh,2022-01,2022,1,0.4620200132403148,1.2573878780103478,2,0,0,No,No
Dhaka,Bangladesh,2022-02,2022,2,0.773093367478883,1.0556480185830919,1,0,0,No,No
Dhaka,Bangladesh,2022-03,2022,3,1.0272409774155493,0.612986709306392,3,0,0,No,No
Dhaka,Bangladesh,2022-04,2022,4,0.7957384187734773,-0.36894210378923475,2,0,0,No,No
Dhaka,Bangladesh,2022-05,2022,5,0.12439303528437207,-0.7524181596579869,1,0,0,No,No
Dhaka,Bangladesh,2022-06,2022,6,-0.33859268963332106,-0.8265223027887368,1,0,0,No,No
Dhaka,Bangladesh,2022-07,2022,7,-0.9003114236858389,-1.3168907357009743,0,0,0,No,No
Dhaka,Bangladesh,2022-08,2022,8,-1.00724593220179,-1.1558751764147261,0,0,0,No,No
Dhaka,Bangladesh,2022-09,2022,9,-0.6868778126971403,-0.3118373154454433,0,0,0,No,No
Dhaka,Bangladesh,2022-10,2022,10,-0.4780631933931536,0.09267960878668084,0,0,0,No,No
Dhaka,Bangladesh,2022-11,2022,11,0.07764842148754891,0.5350106144366494,1,0,0,No,No
Dhaka,Bangladesh,2022-12,2022,12,0.15095681793109567,1.1787729646739404,1,0,0,No,No
Dhaka,Bangladesh,2023-01,2023,1,0.6948974744116493,2.2287690442222594,3,0,1,No,Yes
Dhaka,Bangladesh,2023-02,2023,2,0.8410627634264894,1.316972746154803,3,0,0,No,No
Dhaka,Bangladesh,2023-03,2023,3,0.3879056283859311,1.1004308438160346,1,0,0,No,No
Dhaka,Bangladesh,2023-04,2023,4,0.6129416151830169,-0.018437783582522682,1,0,0,No,No
Dhaka,Bangladesh,2023-05,2023,5,0.37663415871092837,-0.8354346312136701,1,0,0,No,No
Dhaka,Bangladesh,2023-06,2023,6,-0.4813749953663861,-1.407040087881738,1,0,0,No,No
Dhaka,Bangladesh,2023-07,2023,7,-1.0450364282743174,-1.391085743684144,0,0,0,No,No
Dhaka,Bangladesh,2023-08,2023,8,-0.7996750017704641,-0.8883611527664834,0,0,0,No,No
Dhaka,Bangladesh,2023-09,2023,9,-0.7110747393030533,-0.47859484934305957,0,0,0,No,No
Dhaka,Bangladesh,2023-10,2023,10,-0.2609189537506997,-0.17432290168406228,0,0,0,No,No
Dhaka,Bangladesh,2023-11,2023,11,0.15031202156917753,0.15269686816973543,1,0,0,No,No
Dhaka,Bangladesh,2023-12,2023,12,0.2343264567777262,0.3944076477928522,1,0,0,No,No
Dhaka,Bangladesh,2024-01,2024,1,0.740798550289161,0.6580922559683677,1,0,0,No,No
Dhaka,Bangladesh,2024-02,2024,2,0.4392038806845444,1.0822253697376045,1,0,0,No,No
Dhaka,Bangladesh,2024-03,2024,3,0.6084710180790647,0.8778507285851462,1,0,0,No,No
Dhaka,Bangladesh,2024-04,2024,4,0.9392866954293655,-0.15149125078821524,4,0,0,No,No
Dhaka,Bangladesh,2024-05,2024,5,0.4563154858453835,-0.7974083701519419,1,0,0,No,No
Dhaka,Bangladesh,2024-06,2024,6,-0.39274620679073524,-1.2741055242538843,0,0,0,No,No
Dhaka,Bangladesh,2024-07,2024,7,-1.049913112133984,-0.7450976071129257,0,0,0,No,No
Dhaka,Bangladesh,2024-08,2024,8,-1.0356530124402088,-0.9982382195248702,0,0,0,No,No
Dhaka,Bangladesh,2024-09,2024,9,-0.7525731537179159,-0.21413298816192528,0,0,0,No,No
Dhaka,Bangladesh,2024-10,2024,10,-0.4134352842523622,0.24685762759807825,0,0,0,No,No
Dhaka,Bangladesh,2024-11,2024,11,0.10085653962210121,0.4458378568749642,1,0,0,No,No
Dhaka,Bangladesh,2024-12,2024,12,0.359388599385585,0.8696101212296008,1,0,0,No,No
Dhaka,Bangladesh,2025-01,2025,1,0.6165940716379451,0.904665432362649,2,0,0,No,No
Dhaka,Bangladesh,2025-02,2025,2,0.8161420127265222,1.2145661024589582,2,0,0,No,No
Dhaka,Bangladesh,2025-03,2025,3,0.9788048725842102,1.1308734803277547,3,0,0,No,No
Dhaka,Bangladesh,2025-04,2025,4,0.7088189559992324,-0.289516335242952,2,0,0,No,No
Dhaka,Bangladesh,2025-05,2025,5,0.1101991916151761,-0.23639809995071645,1,0,0,No,No
Dhaka,Bangladesh,2025-06,2025,6,-0.6802088298701137,-0.8806746687748306,0,0,0,No,No
Dhaka,Bangladesh,2025-07,2025,7,-0.6737328191833857,-0.691761024456923,0,0,0,No,No
Dhaka,Bangladesh,2025-08,2025,8,-0.8274207138838328,-0.6661907457820896,0,0,0,No,No
Dhaka,Bangladesh,2025-09,2025,9,-0.8228312719802524,-0.23748591198761093,0,0,0,No,No
Dhaka,Bangladesh,2025-10,2025,10,-0.3082859595392987,-0.45372493953662535,0,0,0,No,No
Dhaka,Bangladesh,2025-11,2025,11,-0.10771785693604352,0.01791796624547992,1,0,0,No,No
Dhaka,Bangladesh,2025-12,2025,12,0.18963834682983735,0.18772874433690673,2,0,0,No,No
Dhaka,Bangladesh,2026-01,2026,1,0.4204876289504327,1.0726739176167277,2,0,0,No,No
Dhaka,Bangladesh,2026-02,2026,2,0.4242456274975647,0.9004251167780974,0,0,0,No,No
Dhaka,Bangladesh,2026-03,2026,3,0.20977937923745066,0.7980744606292441,1,0,0,No,No
Dhaka,Bangladesh,2026-04,2026,4,0.21627769456757293,-0.4296504053339492,1,0,0,No,No
Dhaka,Bangladesh,2026-05,2026,5,-0.7741685060162912,-0.6524614710857386,1,0,0,No,No
Dhaka,Bangladesh,2026-06,2026,6,-0.49662182423673207,-1.6890616186043914,0,0,0,No,No
Dushanbe,Tajikistan,2018-07,2018,7,-0.22669647053061487,-1.290288372836031,1,0,0,No,No
Dushanbe,Tajikistan,2018-08,2018,8,-0.2030994818785377,-0.7473652804278278,1,0,0,No,No
Dushanbe,Tajikistan,2018-09,2018,9,-0.48678245326211006,-0.3561053654200462,0,0,0,No,No
Dushanbe,Tajikistan,2018-10,2018,10,-0.1124554061276956,-0.535145345832752,0,0,0,No,No
Dushanbe,Tajikistan,2018-11,2018,11,0.12664582446765177,1.647411031838479,2,0,0,No,No
Dushanbe,Tajikistan,2018-12,2018,12,0.9023879873313057,1.2814933326781768,3,0,0,No,No
Dushanbe,Tajikistan,2019-01,2019,1,0.34296938543706174,1.2541290423927325,1,0,0,No,No
Dushanbe,Tajikistan,2019-02,2019,2,0.49378735338716007,0.33571387711768114,2,0,0,No,No
Dushanbe,Tajikistan,2019-03,2019,3,-0.036537529414596114,-0.5149228070079539,1,0,0,No,No
Dushanbe,Tajikistan,2019-04,2019,4,-0.42070335256796215,-0.3774242139722495,0,0,0,No,No
Dushanbe,Tajikistan,2019-05,2019,5,-0.23892638245846518,-0.8409124080350533,0,0,0,No,No
Dushanbe,Tajikistan,2019-06,2019,6,-0.44474030365556033,-1.3138803479955654,0,0,0,No,No
Dushanbe,Tajikistan,2019-07,2019,7,-0.10982378396524721,-0.5528827582437796,1,0,0,No,No
Dushanbe,Tajikistan,2019-08,2019,8,0.14890013803413313,-0.4310504025168231,1,0,0,No,No
Dushanbe,Tajikistan,2019-09,2019,9,-0.4531648710824984,-0.5616552075465773,1,0,0,No,No
Dushanbe,Tajikistan,2019-10,2019,10,-0.5688064086387861,0.052815305567717616,0,0,0,No,No
Dushanbe,Tajikistan,2019-11,2019,11,0.7566265521904131,1.47277225467729,1,0,0,No,No
Dushanbe,Tajikistan,2019-12,2019,12,0.5304192027343555,1.4772976655625905,2,0,0,No,No
Dushanbe,Tajikistan,2020-01,2020,1,1.4449072542296881,2.186411770390951,4,1,1,Yes,Yes
Dushanbe,Tajikistan,2020-02,2020,2,0.11531090839555799,0.15302910085638508,1,0,0,No,No
Dushanbe,Tajikistan,2020-03,2020,3,-0.20056721031212765,-0.46904938003953545,1,0,0,No,No
Dushanbe,Tajikistan,2020-04,2020,4,-0.1647737579596833,-0.21471228655101193,0,0,0,No,No
Dushanbe,Tajikistan,2020-05,2020,5,-0.4749352323490032,-0.7219187945754068,0,0,0,No,No
Dushanbe,Tajikistan,2020-06,2020,6,-0.5721410831975817,-0.7573129266738243,0,0,0,No,No
Dushanbe,Tajikistan,2020-07,2020,7,-0.796315985308176,-0.613136782415922,0,0,0,No,No
Dushanbe,Tajikistan,2020-08,2020,8,-0.4212356812191314,-0.6906943346636507,1,0,0,No,No
Dushanbe,Tajikistan,2020-09,2020,9,0.042532961738507694,-0.893237673261784,1,0,0,No,No
Dushanbe,Tajikistan,2020-10,2020,10,0.06181418181557359,0.5809367279867775,0,0,0,No,No
Dushanbe,Tajikistan,2020-11,2020,11,0.3047666586216775,0.5889381516609716,1,0,0,No,No
Dushanbe,Tajikistan,2020-12,2020,12,0.6606369855446991,0.8507464272860457,1,0,0,No,No
Dushanbe,Tajikistan,2021-01,2021,1,0.7464070846484089,1.666379495188255,2,0,0,No,No
Dushanbe,Tajikistan,2021-02,2021,2,-0.1211274442526993,0.438085658687272,0,0,0,No,No
Dushanbe,Tajikistan,2021-03,2021,3,0.09863369738932067,-0.7212397576917686,1,0,0,No,No
Dushanbe,Tajikistan,2021-04,2021,4,-0.2994933594560824,-0.7137431299505326,0,0,0,No,No
Dushanbe,Tajikistan,2021-05,2021,5,-0.759501347592707,-0.7068299596568054,0,0,0,No,No
Dushanbe,Tajikistan,2021-06,2021,6,-0.7488366208967744,-0.8425790991032254,0,0,0,No,No
Dushanbe,Tajikistan,2021-07,2021,7,-0.45092053301465906,-1.0322323961345086,1,0,0,No,No
Dushanbe,Tajikistan,2021-08,2021,8,0.26255941966416646,-0.13591210351745653,2,0,0,No,No
Dushanbe,Tajikistan,2021-09,2021,9,-0.21777710223315427,-0.2968936297128187,1,0,0,No,No
Dushanbe,Tajikistan,2021-10,2021,10,0.08916934698105702,0.46288153096710705,0,0,0,No,No
Dushanbe,Tajikistan,2021-11,2021,11,0.5998859078427478,1.2540425806082585,2,0,0,No,No
Dushanbe,Tajikistan,2021-12,2021,12,0.8010009509203734,0.6280408103162252,2,0,0,No,No
Dushanbe,Tajikistan,2022-01,2022,1,0.6218313755021369,0.9540239889818746,2,0,0,No,No
Dushanbe,Tajikistan,2022-02,2022,2,0.6059860048793885,0.4367879042701324,2,0,0,No,No
Dushanbe,Tajikistan,2022-03,2022,3,-0.05456070889840521,-0.006610753703743311,1,0,0,No,No
Dushanbe,Tajikistan,2022-04,2022,4,-0.1445818219834635,-0.6420891120897239,0,0,0,No,No
Dushanbe,Tajikistan,2022-05,2022,5,-0.4331491949742624,-0.7174948084941851,0,0,0,No,No
Dushanbe,Tajikistan,2022-06,2022,6,-0.27626566680447145,-0.9575707895747017,0,0,0,No,No
Dushanbe,Tajikistan,2022-07,2022,7,-0.04059629299710834,-0.9406687617940995,1,0,0,No,No
Dushanbe,Tajikistan,2022-08,2022,8,-0.24237360646134132,-0.5321788854272587,1,0,0,No,No
Dushanbe,Tajikistan,2022-09,2022,9,-0.3764537892181075,-0.880512312518984,1,0,0,No,No
Dushanbe,Tajikistan,2022-10,2022,10,-0.6669111853500745,-0.2568885966423081,0,0,0,No,No
Dushanbe,Tajikistan,2022-11,2022,11,-0.25693649850559425,1.2920003769459434,1,0,0,No,No
Dushanbe,Tajikistan,2022-12,2022,12,1.2640113848113002,2.2512017500470516,3,1,1,Yes,Yes
Dushanbe,Tajikistan,2023-01,2023,1,1.4786548363975838,2.0118567593075727,4,1,1,Yes,Yes
Dushanbe,Tajikistan,2023-02,2023,2,-0.26405296925200766,-0.11562728664124089,1,0,0,No,No
Dushanbe,Tajikistan,2023-03,2023,3,-0.7307159436347559,-0.7093190991103555,0,0,0,No,No
Dushanbe,Tajikistan,2023-04,2023,4,-0.3642798804508181,-0.7723080951622523,0,0,0,No,No
Dushanbe,Tajikistan,2023-05,2023,5,-0.17748304943318746,-0.971920582659309,0,0,0,No,No
Dushanbe,Tajikistan,2023-06,2023,6,-0.16646435510690377,-0.685400889397517,1,0,0,No,No
Dushanbe,Tajikistan,2023-07,2023,7,-0.03808460514442711,-0.49580733596780563,1,0,0,No,No
Dushanbe,Tajikistan,2023-08,2023,8,-0.22748980075105835,-0.4594449825174524,1,0,0,No,No
Dushanbe,Tajikistan,2023-09,2023,9,-0.35322227310565263,-0.47592416894899653,0,0,0,No,No
Dushanbe,Tajikistan,2023-10,2023,10,-0.18780083473533044,0.41318975263584934,0,0,0,No,No
Dushanbe,Tajikistan,2023-11,2023,11,-1.0929187643704541e-05,0.545161690086299,1,0,0,No,No
Dushanbe,Tajikistan,2023-12,2023,12,1.0309498044042054,1.7155442383751924,3,1,0,Yes,No
Dushanbe,Tajikistan,2024-01,2024,1,0.880280828331457,1.1473712630913666,3,0,0,No,No
Dushanbe,Tajikistan,2024-02,2024,2,0.839121574030216,1.3713473553468378,2,0,0,No,No
Dushanbe,Tajikistan,2024-03,2024,3,0.16231243964366118,0.2142007407499717,1,0,0,No,No
Dushanbe,Tajikistan,2024-04,2024,4,-0.23479042587162055,-0.7118729970329587,1,0,0,No,No
Dushanbe,Tajikistan,2024-05,2024,5,-0.5074141163489005,-0.5900056158599452,0,0,0,No,No
Dushanbe,Tajikistan,2024-06,2024,6,-0.37024358576146843,-0.9106722801759988,0,0,0,No,No
Dushanbe,Tajikistan,2024-07,2024,7,-0.33789330411042906,-1.1709296940478222,1,0,0,No,No
Dushanbe,Tajikistan,2024-08,2024,8,-0.04585493565940326,-0.6067796107856531,1,0,0,No,No
Dushanbe,Tajikistan,2024-09,2024,9,-0.14687959302267312,-0.514733633843337,1,0,0,No,No
Dushanbe,Tajikistan,2024-10,2024,10,-0.6763129648815696,-0.10074742126723428,0,0,0,No,No
Dushanbe,Tajikistan,2024-11,2024,11,-0.5651399707058171,0.2281155606029708,0,0,0,No,No
Dushanbe,Tajikistan,2024-12,2024,12,1.0028140543565462,1.6447063332217988,2,1,0,Yes,No
Dushanbe,Tajikistan,2025-01,2025,1,1.0733766232529087,1.6846054045892602,4,1,0,Yes,No
Dushanbe,Tajikistan,2025-02,2025,2,0.15095578956732197,-0.32723059796996806,2,0,0,No,No
Dushanbe,Tajikistan,2025-03,2025,3,-0.33585665487836974,-1.1004560877087401,1,0,0,No,No
Dushanbe,Tajikistan,2025-04,2025,4,-0.41414606061899883,-0.7386934223387182,0,0,0,No,No
Dushanbe,Tajikistan,2025-05,2025,5,-0.36564079188344356,-1.2005554104050495,0,0,0,No,No
Dushanbe,Tajikistan,2025-06,2025,6,-0.09690994306504752,-0.14842666735477988,0,0,0,No,No
Dushanbe,Tajikistan,2025-07,2025,7,-0.0009944709987382617,-0.24996990592008142,1,0,0,No,No
Dushanbe,Tajikistan,2025-08,2025,8,0.22813216377272044,0.2067778224948542,2,0,0,No,No
Dushanbe,Tajikistan,2025-09,2025,9,-0.2853246008857255,0.05308091870698334,0,0,0,No,No
Dushanbe,Tajikistan,2025-10,2025,10,-0.6347353701896014,-0.46205480045679925,0,0,0,No,No
Dushanbe,Tajikistan,2025-11,2025,11,0.5739925416277568,1.8064109057383824,2,0,1,No,Yes
Dushanbe,Tajikistan,2025-12,2025,12,0.10715077429921675,0.47651184062466156,1,0,0,No,No
Dushanbe,Tajikistan,2026-01,2026,1,1.6583662281184552,1.2909419766665697,4,1,0,Yes,No
Dushanbe,Tajikistan,2026-02,2026,2,-0.054983297229434035,0.6239528132110844,0,0,0,No,No
Dushanbe,Tajikistan,2026-03,2026,3,-0.483862257265235,-0.5233240020995664,0,0,0,No,No
Dushanbe,Tajikistan,2026-04,2026,4,-0.4537062618719365,-0.4010548667961372,0,0,0,No,No
Dushanbe,Tajikistan,2026-05,2026,5,-0.2906056276423903,-0.6278027541493737,1,0,0,No,No
Dushanbe,Tajikistan,2026-06,2026,6,-0.375208784109461,-0.36271316683258314,1,0,0,No,No
Faisalabad,Pakistan,2018-07,2018,7,-0.14129665413721504,-1.6310918494318176,1,0,0,No,No
Faisalabad,Pakistan,2018-08,2018,8,-0.3359139176390076,-1.315476092780444,0,0,0,No,No
Faisalabad,Pakistan,2018-09,2018,9,-0.4131270014507143,-0.7673054451605628,0,0,0,No,No
Faisalabad,Pakistan,2018-10,2018,10,0.541836772557611,-0.46946046091026455,0,0,0,No,No
Faisalabad,Pakistan,2018-11,2018,11,-0.05101145288434056,1.3100226137325799,1,0,0,No,No
Faisalabad,Pakistan,2018-12,2018,12,0.39951225355367026,2.87331123455051,3,0,1,No,Yes
Faisalabad,Pakistan,2019-01,2019,1,0.6365575245340891,1.5010255607775624,2,0,0,No,No
Faisalabad,Pakistan,2019-02,2019,2,-0.4156420545803699,0.08597729286033337,0,0,0,No,No
Faisalabad,Pakistan,2019-03,2019,3,-0.32812658049403665,-0.6272134706650091,0,0,0,No,No
Faisalabad,Pakistan,2019-04,2019,4,-0.045361207276845825,-0.07295064329209874,0,0,0,No,No
Faisalabad,Pakistan,2019-05,2019,5,0.8813917933330799,-0.20395881146985245,2,0,0,No,No
Faisalabad,Pakistan,2019-06,2019,6,0.7654002227828066,-1.1980352587027316,2,0,0,No,No
Faisalabad,Pakistan,2019-07,2019,7,-0.5728777548595386,-1.6192697403186,0,0,0,No,No
Faisalabad,Pakistan,2019-08,2019,8,-0.7421470752067856,-0.5698523458903013,0,0,0,No,No
Faisalabad,Pakistan,2019-09,2019,9,-0.5783360377333537,0.33810032470486207,0,0,0,No,No
Faisalabad,Pakistan,2019-10,2019,10,-0.20488148268828352,0.16486554503563236,1,0,0,No,No
Faisalabad,Pakistan,2019-11,2019,11,-0.6659365372727538,0.7479395767204666,0,0,0,No,No
Faisalabad,Pakistan,2019-12,2019,12,1.269959189462005,1.4533719702397148,3,1,0,Yes,No
Faisalabad,Pakistan,2020-01,2020,1,0.3645179016562087,0.4924537455460875,2,0,0,No,No
Faisalabad,Pakistan,2020-02,2020,2,0.21554717727520253,0.13694717867308312,1,0,0,No,No
Faisalabad,Pakistan,2020-03,2020,3,-0.2762379562879221,-0.8670484451939422,1,0,0,No,No
Faisalabad,Pakistan,2020-04,2020,4,-0.16850889485157552,-0.7142107129580448,1,0,0,No,No
Faisalabad,Pakistan,2020-05,2020,5,0.3970323445782117,-0.49196598940406966,1,0,0,No,No
Faisalabad,Pakistan,2020-06,2020,6,0.10338847735330017,-0.8913758139976863,1,0,0,No,No
Faisalabad,Pakistan,2020-07,2020,7,-0.6444734352762131,-0.9731354924874619,0,0,0,No,No
Faisalabad,Pakistan,2020-08,2020,8,-1.2470952664435562,-0.6996075484448514,0,0,0,No,No
Faisalabad,Pakistan,2020-09,2020,9,-0.5140759881596243,-0.09730691522999362,0,0,0,No,No
Faisalabad,Pakistan,2020-10,2020,10,0.03526459830037978,0.0030528894072857637,1,0,0,No,No
Faisalabad,Pakistan,2020-11,2020,11,0.8099468025072649,1.6533778924061375,3,0,0,No,No
Faisalabad,Pakistan,2020-12,2020,12,0.924694239348322,2.4488192116834497,2,0,1,No,Yes
Faisalabad,Pakistan,2021-01,2021,1,0.17124938066219614,1.65036153246846,1,0,0,No,No
Faisalabad,Pakistan,2021-02,2021,2,-0.11900975767235691,0.8050531638448923,1,0,0,No,No
Faisalabad,Pakistan,2021-03,2021,3,-0.4384848160814448,-1.331386056538689,1,0,0,No,No
Faisalabad,Pakistan,2021-04,2021,4,0.052898497131822306,-0.23760650868276462,1,0,0,No,No
Faisalabad,Pakistan,2021-05,2021,5,0.03225826421867504,-0.3752784169690341,1,0,0,No,No
Faisalabad,Pakistan,2021-06,2021,6,-0.29380044872320443,-0.7233285585108039,0,0,0,No,No
Faisalabad,Pakistan,2021-07,2021,7,-0.4018385606229963,-1.3788043762041602,0,0,0,No,No
Faisalabad,Pakistan,2021-08,2021,8,-0.194972279037468,-0.8867113267137686,0,0,0,No,No
Faisalabad,Pakistan,2021-09,2021,9,-0.7058903799545244,-0.5204841686537681,0,0,0,No,No
Faisalabad,Pakistan,2021-10,2021,10,-0.05358156555868465,-0.3731594540194657,1,0,0,No,No
Faisalabad,Pakistan,2021-11,2021,11,0.7120423555793451,1.6347133258048085,3,0,0,No,No
Faisalabad,Pakistan,2021-12,2021,12,1.239129310058642,1.7366308441742984,2,1,0,Yes,No
Faisalabad,Pakistan,2022-01,2022,1,0.7494809037823951,1.2005026957487681,2,0,0,No,No
Faisalabad,Pakistan,2022-02,2022,2,0.6567681238965699,-0.22212425525897084,3,0,0,No,No
Faisalabad,Pakistan,2022-03,2022,3,0.4424947900602006,0.45935191011558,1,0,0,No,No
Faisalabad,Pakistan,2022-04,2022,4,0.639765392451021,-0.5742605200697046,1,0,0,No,No
Faisalabad,Pakistan,2022-05,2022,5,0.7015346045490944,-0.45328606130326726,1,0,0,No,No
Faisalabad,Pakistan,2022-06,2022,6,0.22448385925139852,-1.0745717050036077,1,0,0,No,No
Faisalabad,Pakistan,2022-07,2022,7,-1.0183295283204619,-1.0475194054237371,0,0,0,No,No
Faisalabad,Pakistan,2022-08,2022,8,-1.2756572612262467,-0.9857747029339979,0,0,0,No,No
Faisalabad,Pakistan,2022-09,2022,9,-0.7623121945044281,-0.716050961388063,0,0,0,No,No
Faisalabad,Pakistan,2022-10,2022,10,-0.27260493967970933,-0.03835822272907258,0,0,0,No,No
Faisalabad,Pakistan,2022-11,2022,11,-0.19670060280902585,1.3221122092132254,0,0,0,No,No
Faisalabad,Pakistan,2022-12,2022,12,0.1110768525491983,2.1299790190328336,1,0,0,No,No
Faisalabad,Pakistan,2023-01,2023,1,0.2527101826948415,1.6263797903981438,2,0,0,No,No
Faisalabad,Pakistan,2023-02,2023,2,-0.41166284437773293,0.2899813566189196,0,0,0,No,No
Faisalabad,Pakistan,2023-03,2023,3,-0.7928836168886004,-0.30604461155185736,0,0,0,No,No
Faisalabad,Pakistan,2023-04,2023,4,0.20351389506870352,-1.18075883389693,1,0,0,No,No
Faisalabad,Pakistan,2023-05,2023,5,0.46723691266414946,-1.1443789548675811,2,0,0,No,No
Faisalabad,Pakistan,2023-06,2023,6,-0.10228259025651268,-0.7874246260692693,0,0,0,No,No
Faisalabad,Pakistan,2023-07,2023,7,-0.8149472475106322,-0.27377440785180673,0,0,0,No,No
Faisalabad,Pakistan,2023-08,2023,8,-0.3326172653906928,-0.914162905734788,1,0,0,No,No
Faisalabad,Pakistan,2023-09,2023,9,-0.5297892473119088,-0.20187713497531176,0,0,0,No,No
Faisalabad,Pakistan,2023-10,2023,10,0.13173854253117284,0.2742361035567407,1,0,0,No,No
Faisalabad,Pakistan,2023-11,2023,11,0.8504836964582589,0.6025078752463486,1,0,0,No,No
Faisalabad,Pakistan,2023-12,2023,12,1.0784995823189547,2.015316349127381,2,1,1,Yes,Yes
Faisalabad,Pakistan,2024-01,2024,1,1.064965457646505,1.8426354252804726,2,1,1,Yes,Yes
Faisalabad,Pakistan,2024-02,2024,2,-0.007353879221333748,-0.05544626477633108,1,0,0,No,No
Faisalabad,Pakistan,2024-03,2024,3,-0.2995873635586936,-0.4706230467453514,0,0,0,No,No
Faisalabad,Pakistan,2024-04,2024,4,0.20128244141486512,-0.8388281425082516,1,0,0,No,No
Faisalabad,Pakistan,2024-05,2024,5,0.5854020270469243,-0.41893260204280214,2,0,0,No,No
Faisalabad,Pakistan,2024-06,2024,6,0.1253864990904235,-0.640914396338486,0,0,0,No,No
Faisalabad,Pakistan,2024-07,2024,7,-0.8160496554115862,-0.738680507772023,0,0,0,No,No
Faisalabad,Pakistan,2024-08,2024,8,-1.2053899812798348,-0.4387092996039049,0,0,0,No,No
Faisalabad,Pakistan,2024-09,2024,9,-0.5861903096830497,-0.1208690484355549,0,0,0,No,No
Faisalabad,Pakistan,2024-10,2024,10,-0.09319578956211874,0.41209416808698895,0,0,0,No,No
Faisalabad,Pakistan,2024-11,2024,11,0.7971102843829987,0.6872207325692173,2,0,0,No,No
Faisalabad,Pakistan,2024-12,2024,12,0.23362026913490236,0.7810529822860319,1,0,0,No,No
Faisalabad,Pakistan,2025-01,2025,1,0.5903250698134703,1.5304509299836575,2,0,0,No,No
Faisalabad,Pakistan,2025-02,2025,2,-0.04376840142738214,-0.7456603385760454,1,0,0,No,No
Faisalabad,Pakistan,2025-03,2025,3,-0.18463221915744837,-0.8794856238184223,1,0,0,No,No
Faisalabad,Pakistan,2025-04,2025,4,0.7960186924450274,-0.3693527674394103,3,0,0,No,No
Faisalabad,Pakistan,2025-05,2025,5,0.9655606004526198,-0.49186561403568635,2,0,0,No,No
Faisalabad,Pakistan,2025-06,2025,6,0.10358612767473785,-0.4852708410596722,0,0,0,No,No
Faisalabad,Pakistan,2025-07,2025,7,-0.920421114655127,-0.6463202646546626,0,0,0,No,No
Faisalabad,Pakistan,2025-08,2025,8,-1.0653404985358734,-0.8096818740148879,0,0,0,No,No
Faisalabad,Pakistan,2025-09,2025,9,-0.8855060238481283,-0.7753332309175884,0,0,0,No,No
Faisalabad,Pakistan,2025-10,2025,10,0.014551867766194816,0.2692924367245367,0,0,0,No,No
Faisalabad,Pakistan,2025-11,2025,11,0.47455286859879475,1.6179802836780712,2,0,0,No,No
Faisalabad,Pakistan,2025-12,2025,12,0.15507303087310564,1.7852469041301102,2,0,0,No,No
Faisalabad,Pakistan,2026-01,2026,1,0.4191731569729346,2.5938766288594546,2,0,1,No,Yes
Faisalabad,Pakistan,2026-02,2026,2,-0.26869733861011225,0.2756062963280083,0,0,0,No,No
Faisalabad,Pakistan,2026-03,2026,3,-0.6548529868531229,-0.5595338246355368,0,0,0,No,No
Faisalabad,Pakistan,2026-04,2026,4,-0.1367628852304927,-1.0292932141547246,0,0,0,No,No
Faisalabad,Pakistan,2026-05,2026,5,0.716471606078496,-0.20599697081209542,3,0,0,No,No
Faisalabad,Pakistan,2026-06,2026,6,-0.0753315523576931,-1.0746589155851187,1,0,0,No,No
Gurugram,India,2018-07,2018,7,-0.3898226267021173,-1.6587045391643507,1,0,0,No,No
Gurugram,India,2018-08,2018,8,-0.7388751579432422,-0.7546480776525385,0,0,0,No,No
Gurugram,India,2018-09,2018,9,-0.39964458440369527,-0.8070286913794685,0,0,0,No,No
Gurugram,India,2018-10,2018,10,0.6620293263258751,-0.19684087343439055,1,0,0,No,No
Gurugram,India,2018-11,2018,11,0.42119939603341106,1.0191890023653034,1,0,0,No,No
Gurugram,India,2018-12,2018,12,0.4451136466897669,2.3980331792654446,2,0,1,No,Yes
Gurugram,India,2019-01,2019,1,0.2915443154573933,1.4135702001610937,1,0,0,No,No
Gurugram,India,2019-02,2019,2,-0.18164334456573458,1.6101306063510967,1,0,0,No,No
Gurugram,India,2019-03,2019,3,-0.018687763037243014,0.13943558710232903,0,0,0,No,No
Gurugram,India,2019-04,2019,4,0.6830366989052923,0.09007996306199662,1,0,0,No,No
Gurugram,India,2019-05,2019,5,0.3631516156145703,-1.1333912426020571,1,0,0,No,No
Gurugram,India,2019-06,2019,6,0.4544637563686879,-1.0055646022104499,1,0,0,No,No
Gurugram,India,2019-07,2019,7,-0.6765558519289356,-1.8806363924952518,0,0,0,No,No
Gurugram,India,2019-08,2019,8,-0.9643625071614741,-0.9433664705705773,0,0,0,No,No
Gurugram,India,2019-09,2019,9,-0.8677499585283858,-0.4863719254981168,0,0,0,No,No
Gurugram,India,2019-10,2019,10,0.18615919680137988,0.3324258293811254,1,0,0,No,No
Gurugram,India,2019-11,2019,11,-0.2755330061651323,0.5608121764384068,1,0,0,No,No
Gurugram,India,2019-12,2019,12,1.0061768482395825,1.3028762708804007,3,1,0,Yes,No
Gurugram,India,2020-01,2020,1,0.3595861638264003,1.1358937397078874,2,0,0,No,No
Gurugram,India,2020-02,2020,2,0.4396864168839902,0.42521485252287505,1,0,0,No,No
Gurugram,India,2020-03,2020,3,0.08531126297925061,-0.5394395680137503,1,0,0,No,No
Gurugram,India,2020-04,2020,4,0.3039915117653072,-0.9674282864180033,1,0,0,No,No
Gurugram,India,2020-05,2020,5,0.37379682409701415,-0.7705012848899451,1,0,0,No,No
Gurugram,India,2020-06,2020,6,-0.17347081292386896,-1.196714049845808,1,0,0,No,No
Gurugram,India,2020-07,2020,7,-1.1046799487034429,-1.208486479770097,0,0,0,No,No
Gurugram,India,2020-08,2020,8,-1.3470535665226575,-0.9511782547627208,0,0,0,No,No
Gurugram,India,2020-09,2020,9,-0.6454332158687722,-0.011343464447650331,0,0,0,No,No
Gurugram,India,2020-10,2020,10,0.5076998711910463,0.7931706161096548,2,0,0,No,No
Gurugram,India,2020-11,2020,11,0.9160466697498464,1.3576282974404157,4,0,0,No,No
Gurugram,India,2020-12,2020,12,0.2845188235258913,1.9331838823671408,2,0,1,No,Yes
Gurugram,India,2021-01,2021,1,-0.04583768355538389,1.976308043191582,2,0,1,No,Yes
Gurugram,India,2021-02,2021,2,0.12305303418921461,1.1928171874242877,0,0,0,No,No
Gurugram,India,2021-03,2021,3,-0.06392411597578984,-0.6296804452915767,0,0,0,No,No
Gurugram,India,2021-04,2021,4,0.6622539967435835,0.20770019011583393,2,0,0,No,No
Gurugram,India,2021-05,2021,5,-0.0729994116600063,-0.31130260651798336,1,0,0,No,No
Gurugram,India,2021-06,2021,6,-0.11793872504043504,-0.7676515866536185,0,0,0,No,No
Gurugram,India,2021-07,2021,7,-0.6428554527881932,-1.7488043502775124,0,0,0,No,No
Gurugram,India,2021-08,2021,8,-0.6640724728696445,-1.1014756332139304,0,0,0,No,No
Gurugram,India,2021-09,2021,9,-0.9283873433361507,-1.1809682818903768,0,0,0,No,No
Gurugram,India,2021-10,2021,10,0.11337923512729106,-0.07270311285588071,1,0,0,No,No
Gurugram,India,2021-11,2021,11,0.8876520604005925,1.2253642984705335,3,0,0,No,No
Gurugram,India,2021-12,2021,12,0.7496768787649108,1.210396297498655,2,0,0,No,No
Gurugram,India,2022-01,2022,1,0.199383814611448,0.48942137234697225,0,0,0,No,No
Gurugram,India,2022-02,2022,2,0.2638935548771505,-0.06385376421328638,1,0,0,No,No
Gurugram,India,2022-03,2022,3,0.43301526114611233,0.039556467342009155,0,0,0,No,No
Gurugram,India,2022-04,2022,4,0.5617169619708647,-0.8163631443292777,2,0,0,No,No
Gurugram,India,2022-05,2022,5,0.8932092975563268,-0.5000353765152763,2,0,0,No,No
Gurugram,India,2022-06,2022,6,0.0012111479534907654,-0.9345243967454153,0,0,0,No,No
Gurugram,India,2022-07,2022,7,-1.1566266537926844,-1.4218601986841115,0,0,0,No,No
Gurugram,India,2022-08,2022,8,-1.211767317580998,-1.1818048625314217,0,0,0,No,No
Gurugram,India,2022-09,2022,9,-0.6772841316352638,-0.49429965530470926,0,0,0,No,No
Gurugram,India,2022-10,2022,10,0.10282274408850929,0.4544049166091223,0,0,0,No,No
Gurugram,India,2022-11,2022,11,0.19415166869503242,1.6253294183688791,1,0,0,No,No
Gurugram,India,2022-12,2022,12,0.39627365211001603,2.8040292236565123,2,0,1,No,Yes
Gurugram,India,2023-01,2023,1,0.2778427293323374,2.1252165915784746,2,0,1,No,Yes
Gurugram,India,2023-02,2023,2,-0.2945612569114077,0.7733744895612004,0,0,0,No,No
Gurugram,India,2023-03,2023,3,-0.31366248187047674,-0.24754540013234855,0,0,0,No,No
Gurugram,India,2023-04,2023,4,0.5831870187320861,-0.6770190931127725,1,0,0,No,No
Gurugram,India,2023-05,2023,5,0.3719380221011678,-1.3819723774330066,2,0,0,No,No
Gurugram,India,2023-06,2023,6,-0.3210702672873794,-1.2089572155631372,0,0,0,No,No
Gurugram,India,2023-07,2023,7,-1.1171716899258595,-0.8212727111052118,0,0,0,No,No
Gurugram,India,2023-08,2023,8,-0.7402607796785168,-0.7653741792674745,0,0,0,No,No
Gurugram,India,2023-09,2023,9,-0.4943676068265829,-0.21118864565749335,0,0,0,No,No
Gurugram,India,2023-10,2023,10,0.48127725083512346,0.4205870999681471,1,0,0,No,No
Gurugram,India,2023-11,2023,11,0.7702744265861491,0.10857565506359973,2,0,0,No,No
Gurugram,India,2023-12,2023,12,0.7965746349133587,1.8855757861000237,2,0,1,No,Yes
Gurugram,India,2024-01,2024,1,0.9248330406709684,1.4646437437456303,2,0,0,No,No
Gurugram,India,2024-02,2024,2,0.05333551917444981,0.5335303485913292,1,0,0,No,No
Gurugram,India,2024-03,2024,3,0.15149333655885505,0.1568565468871615,1,0,0,No,No
Gurugram,India,2024-04,2024,4,0.5083567985947929,-1.2008144139856298,1,0,0,No,No
Gurugram,India,2024-05,2024,5,0.9147577617580207,-0.4293326045034697,2,0,0,No,No
Gurugram,India,2024-06,2024,6,0.08521375631419661,-0.8165984960452274,0,0,0,No,No
Gurugram,India,2024-07,2024,7,-1.105462824124714,-0.9635046542892425,0,0,0,No,No
Gurugram,India,2024-08,2024,8,-1.2972102268146275,-0.7252775195328252,0,0,0,No,No
Gurugram,India,2024-09,2024,9,-0.906992026273589,-0.3094784813754016,0,0,0,No,No
Gurugram,India,2024-10,2024,10,0.04849957655013272,0.6572852223096776,0,0,0,No,No
Gurugram,India,2024-11,2024,11,0.6613621803249782,0.8923519734293178,2,0,0,No,No
Gurugram,India,2024-12,2024,12,-0.038186892733467225,0.7403383347686943,0,0,0,No,No
Gurugram,India,2025-01,2025,1,0.13352798775941693,0.6971811986724183,0,0,0,No,No
Gurugram,India,2025-02,2025,2,0.10469354874848338,-0.18279255029948369,0,0,0,No,No
Gurugram,India,2025-03,2025,3,0.14215502436630686,-0.6348195788631866,1,0,0,No,No
Gurugram,India,2025-04,2025,4,0.9811931637930945,-0.8089699866326125,3,0,0,No,No
Gurugram,India,2025-05,2025,5,0.43532807841722604,-0.7987458240888496,1,0,0,No,No
Gurugram,India,2025-06,2025,6,-0.09092228581675857,-0.7056462664708995,0,0,0,No,No
Gurugram,India,2025-07,2025,7,-0.9974945543104198,-0.7339416551265742,0,0,0,No,No
Gurugram,India,2025-08,2025,8,-0.9784154610861148,-0.32777495892885145,0,0,0,No,No
Gurugram,India,2025-09,2025,9,-0.6932815005367114,-0.5829655961752462,0,0,0,No,No
Gurugram,India,2025-10,2025,10,0.032300232100500856,0.30837096594303065,0,0,0,No,No
Gurugram,India,2025-11,2025,11,0.8717476489686888,2.4326544271954114,3,0,1,No,Yes
Gurugram,India,2025-12,2025,12,0.05916811759628772,1.3374498247748376,1,0,0,No,No
Gurugram,India,2026-01,2026,1,-0.3422947248143018,1.265593144809692,1,0,0,No,No
Gurugram,India,2026-02,2026,2,-0.010596306392820498,1.1313354134308662,0,0,0,No,No
Gurugram,India,2026-03,2026,3,-0.09778756807376679,0.9138671676386354,1,0,0,No,No
Gurugram,India,2026-04,2026,4,0.3772970162618637,-0.4731780827191644,0,0,0,No,No
Gurugram,India,2026-05,2026,5,0.44945774364401514,-1.021328766251979,2,0,0,No,No
Gurugram,India,2026-06,2026,6,-0.3760761606249935,-1.8162888769080425,1,0,0,No,No
Hanoi,Vietnam,2018-07,2018,7,-0.2641095794618804,-2.130659878979528,2,0,0,No,No
Hanoi,Vietnam,2018-08,2018,8,-0.23202409563706597,-0.5113831354667069,1,0,0,No,No
Hanoi,Vietnam,2018-09,2018,9,-0.46665342870451826,-0.4973061593802027,0,0,0,No,No
Hanoi,Vietnam,2018-10,2018,10,0.0859127501516154,0.2473646299730639,0,0,0,No,No
Hanoi,Vietnam,2018-11,2018,11,0.5955044610685305,2.150904269903432,2,0,1,No,Yes
Hanoi,Vietnam,2018-12,2018,12,0.28136989258331824,0.7410802739499398,1,0,0,No,No
Hanoi,Vietnam,2019-01,2019,1,0.03509816636311323,1.3462208308217603,0,0,0,No,No
Hanoi,Vietnam,2019-02,2019,2,-0.20736613156177103,-0.036474174734601406,0,0,0,No,No
Hanoi,Vietnam,2019-03,2019,3,0.5461150442011065,-0.7508278814829652,2,0,0,No,No
Hanoi,Vietnam,2019-04,2019,4,0.32008826044411254,-1.0478451904038435,2,0,0,No,No
Hanoi,Vietnam,2019-05,2019,5,0.3968951658253857,-0.3217784890454845,1,0,0,No,No
Hanoi,Vietnam,2019-06,2019,6,-0.3659507121239158,-0.9564964041369075,1,0,0,No,No
Hanoi,Vietnam,2019-07,2019,7,-0.7121696320450391,-1.4413345637933221,0,0,0,No,No
Hanoi,Vietnam,2019-08,2019,8,-0.437241493088904,-0.6479436662032363,1,0,0,No,No
Hanoi,Vietnam,2019-09,2019,9,-0.30902043564900195,-0.15574006938974272,0,0,0,No,No
Hanoi,Vietnam,2019-10,2019,10,0.09310071263854787,0.7356350969284259,1,0,0,No,No
Hanoi,Vietnam,2019-11,2019,11,0.3419498217354992,1.7763070331429864,2,0,0,No,No
Hanoi,Vietnam,2019-12,2019,12,0.29850123326087113,1.5002774782969244,1,0,0,No,No
Hanoi,Vietnam,2020-01,2020,1,0.41192808334567754,1.8107291418099787,1,0,0,No,No
Hanoi,Vietnam,2020-02,2020,2,0.390214393098241,0.23214843642186106,1,0,0,No,No
Hanoi,Vietnam,2020-03,2020,3,1.2767815799063897,-0.18071603871154285,2,0,0,No,No
Hanoi,Vietnam,2020-04,2020,4,0.7895710421292668,0.3870457056442952,3,0,0,No,No
Hanoi,Vietnam,2020-05,2020,5,-0.28857450486754865,-1.1291884879105842,1,0,0,No,No
Hanoi,Vietnam,2020-06,2020,6,-0.421302395371855,-1.0788190278798244,0,0,0,No,No
Hanoi,Vietnam,2020-07,2020,7,-0.7991415639875573,-1.5518440470001074,0,0,0,No,No
Hanoi,Vietnam,2020-08,2020,8,-0.505042070738887,-1.0756403054703119,0,0,0,No,No
Hanoi,Vietnam,2020-09,2020,9,-0.17965305977614326,-0.23296198582339828,0,0,0,No,No
Hanoi,Vietnam,2020-10,2020,10,-0.5067127380149433,0.19912627573550884,0,0,0,No,No
Hanoi,Vietnam,2020-11,2020,11,-0.08766284124190252,1.1116429726265131,0,0,0,No,No
Hanoi,Vietnam,2020-12,2020,12,-0.08040592448073683,1.5084773605576065,1,0,0,No,No
Hanoi,Vietnam,2021-01,2021,1,0.30132878223201676,2.6298739912292697,2,0,1,No,Yes
Hanoi,Vietnam,2021-02,2021,2,0.8938031146960604,1.3132912903820364,2,0,0,No,No
Hanoi,Vietnam,2021-03,2021,3,0.6646680677606909,-0.44254594941373604,2,0,0,No,No
Hanoi,Vietnam,2021-04,2021,4,0.2631392735754269,-0.33005104893010584,0,0,0,No,No
Hanoi,Vietnam,2021-05,2021,5,-0.47275120028749756,-0.5499746922097133,0,0,0,No,No
Hanoi,Vietnam,2021-06,2021,6,-0.6133845774066164,-0.44528909733479305,0,0,0,No,No
Hanoi,Vietnam,2021-07,2021,7,-0.3325140320845238,-1.645540185358002,1,0,0,No,No
Hanoi,Vietnam,2021-08,2021,8,-0.41962423243827623,-1.3389414171158198,0,0,0,No,No
Hanoi,Vietnam,2021-09,2021,9,-0.28622229909883484,-0.8667640188116205,0,0,0,No,No
Hanoi,Vietnam,2021-10,2021,10,-0.07903511335521748,0.43587202548974924,0,0,0,No,No
Hanoi,Vietnam,2021-11,2021,11,0.03412428710809978,0.5660223783699,0,0,0,No,No
Hanoi,Vietnam,2021-12,2021,12,0.04646792929867224,0.6740467237028331,0,0,0,No,No
Hanoi,Vietnam,2022-01,2022,1,0.2975246089410581,1.3469339059605618,1,0,0,No,No
Hanoi,Vietnam,2022-02,2022,2,-0.18628736587453226,-0.5090554393711094,0,0,0,No,No
Hanoi,Vietnam,2022-03,2022,3,0.7669632433484797,0.4400629936004363,2,0,0,No,No
Hanoi,Vietnam,2022-04,2022,4,1.1636891220657553,-0.2665229965658785,3,0,0,No,No
Hanoi,Vietnam,2022-05,2022,5,-0.021322644835287542,-0.3063977613435776,1,0,0,No,No
Hanoi,Vietnam,2022-06,2022,6,-0.31507763125588684,-0.9933591886758093,1,0,0,No,No
Hanoi,Vietnam,2022-07,2022,7,-0.515007597439207,-1.1439667151708492,0,0,0,No,No
Hanoi,Vietnam,2022-08,2022,8,-0.7388490684354434,-1.2170309032483504,0,0,0,No,No
Hanoi,Vietnam,2022-09,2022,9,-0.5531899251093384,-0.5347591662949334,0,0,0,No,No
Hanoi,Vietnam,2022-10,2022,10,-0.13223985581314346,0.44895877252292615,0,0,0,No,No
Hanoi,Vietnam,2022-11,2022,11,-0.3210466851238802,0.5582619143016503,0,0,0,No,No
Hanoi,Vietnam,2022-12,2022,12,0.5548437995314275,2.1768745842849273,2,0,1,No,Yes
Hanoi,Vietnam,2023-01,2023,1,-0.135975076685797,1.5992971845207153,1,0,0,No,No
Hanoi,Vietnam,2023-02,2023,2,0.10058764432668969,0.5549174778250601,0,0,0,No,No
Hanoi,Vietnam,2023-03,2023,3,1.1909282371057814,0.84520756146084,3,0,0,No,No
Hanoi,Vietnam,2023-04,2023,4,0.9023147685894836,-0.7370273225496558,2,0,0,No,No
Hanoi,Vietnam,2023-05,2023,5,0.20969678960130683,-0.5913421191018018,1,0,0,No,No
Hanoi,Vietnam,2023-06,2023,6,-0.6527099711526785,-1.923158211110457,1,0,0,No,No
Hanoi,Vietnam,2023-07,2023,7,-0.6793822883104174,-1.4041414987335445,0,0,0,No,No
Hanoi,Vietnam,2023-08,2023,8,-0.39435294152010253,-0.585009771202678,0,0,0,No,No
Hanoi,Vietnam,2023-09,2023,9,-0.489217769930837,-0.5155542080140189,0,0,0,No,No
Hanoi,Vietnam,2023-10,2023,10,-0.11122494374666084,0.6365186959751833,0,0,0,No,No
Hanoi,Vietnam,2023-11,2023,11,0.02139192455671083,0.7991339228985904,1,0,0,No,No
Hanoi,Vietnam,2023-12,2023,12,0.03794362716652494,1.3211582880317645,1,0,0,No,No
Hanoi,Vietnam,2024-01,2024,1,-0.43061022696180906,0.24719366144207638,0,0,0,No,No
Hanoi,Vietnam,2024-02,2024,2,-0.39075571087268807,-0.517935540141369,0,0,0,No,No
Hanoi,Vietnam,2024-03,2024,3,1.0017028608500336,0.46217961857981416,2,0,0,No,No
Hanoi,Vietnam,2024-04,2024,4,0.8540793423296457,-1.0684247927371522,3,0,0,No,No
Hanoi,Vietnam,2024-05,2024,5,-0.22678920176100395,-1.175244494647953,1,0,0,No,No
Hanoi,Vietnam,2024-06,2024,6,-0.4518279017214436,-0.78385974706301,0,0,0,No,No
Hanoi,Vietnam,2024-07,2024,7,-0.31515605697475013,0.07774489240770183,1,0,0,No,No
Hanoi,Vietnam,2024-08,2024,8,-0.6005874541515418,-1.1566672347727642,0,0,0,No,No
Hanoi,Vietnam,2024-09,2024,9,-0.27232968552569436,-0.0927160295909106,0,0,0,No,No
Hanoi,Vietnam,2024-10,2024,10,0.2236290206898249,1.1351267013668667,1,0,0,No,No
Hanoi,Vietnam,2024-11,2024,11,0.0531174354101764,1.0196493163374396,1,0,0,No,No
Hanoi,Vietnam,2024-12,2024,12,0.5555275786892506,1.8529536488192602,2,0,1,No,Yes
Hanoi,Vietnam,2025-01,2025,1,0.6760198594563398,1.6066036219152706,2,0,0,No,No
Hanoi,Vietnam,2025-02,2025,2,0.4212526739927598,1.5633458248195828,1,0,0,No,No
Hanoi,Vietnam,2025-03,2025,3,1.1347622677937528,-0.0760427346868906,2,0,0,No,No
Hanoi,Vietnam,2025-04,2025,4,0.3918792420888185,-0.7171209595166457,0,0,0,No,No
Hanoi,Vietnam,2025-05,2025,5,-0.173420437947646,-0.914399041181321,1,0,0,No,No
Hanoi,Vietnam,2025-06,2025,6,-0.4933812741740642,-1.0775049768990046,0,0,0,No,No
Hanoi,Vietnam,2025-07,2025,7,-0.5521619454644863,-1.0990274088709808,0,0,0,No,No
Hanoi,Vietnam,2025-08,2025,8,-0.4890377709890985,-0.8273336215173417,0,0,0,No,No
Hanoi,Vietnam,2025-09,2025,9,-0.5746792978328717,-0.5464523206069161,0,0,0,No,No
Hanoi,Vietnam,2025-10,2025,10,-0.5558717438719614,-0.182233053909922,0,0,0,No,No
Hanoi,Vietnam,2025-11,2025,11,0.21221363247346087,1.9208819313773324,1,0,0,No,No
Hanoi,Vietnam,2025-12,2025,12,0.002424794475001324,0.3492827390768267,1,0,0,No,No
Hanoi,Vietnam,2026-01,2026,1,-0.39992470542369757,0.020300857519974402,1,0,0,No,No
Hanoi,Vietnam,2026-02,2026,2,-0.22251554482559227,0.2096991884000115,0,0,0,No,No
Hanoi,Vietnam,2026-03,2026,3,0.4768188521642346,0.8252487895829714,2,0,0,No,No
Hanoi,Vietnam,2026-04,2026,4,0.7897810106071822,-0.20372667511317244,2,0,0,No,No
Hanoi,Vietnam,2026-05,2026,5,-0.12257882163173799,-0.08603038827484782,1,0,0,No,No
Hanoi,Vietnam,2026-06,2026,6,-0.5215807908903893,-0.7654917721149368,0,0,0,No,No
Hotan,China,2018-07,2018,7,0.21036492277563518,-0.4770512500540716,2,0,0,No,No
Hotan,China,2018-08,2018,8,0.21536566239618757,0.0866720915060008,1,0,0,No,No
Hotan,China,2018-09,2018,9,-0.09861392235568428,-0.04382688668581666,0,0,0,No,No
Hotan,China,2018-10,2018,10,-0.3457913924258026,-1.219739136506267,0,0,0,No,No
Hotan,China,2018-11,2018,11,-0.3127191934158803,1.518116298014573,1,0,0,No,No
Hotan,China,2018-12,2018,12,0.3313939230255424,0.13582888372557403,2,0,0,No,No
Hotan,China,2019-01,2019,1,0.24228318303637875,0.7390829576759402,1,0,0,No,No
Hotan,China,2019-02,2019,2,0.2639183814722087,-0.2195172174138544,2,0,0,No,No
Hotan,China,2019-03,2019,3,0.40636075678193706,-0.8596957880311111,1,0,0,No,No
Hotan,China,2019-04,2019,4,0.2958522143997331,-0.4237067061039516,1,0,0,No,No
Hotan,China,2019-05,2019,5,0.3926126476738233,-0.9906155403307365,1,0,0,No,No
Hotan,China,2019-06,2019,6,-0.17529066306373714,-0.47615833641497696,0,0,0,No,No
Hotan,China,2019-07,2019,7,0.1012037511027973,-0.08354992584708429,1,0,0,No,No
Hotan,China,2019-08,2019,8,0.05045002064926374,0.5025409709484888,1,0,0,No,No
Hotan,China,2019-09,2019,9,-0.4508230209848237,-0.1798637150657554,0,0,0,No,No
Hotan,China,2019-10,2019,10,-0.821438143539814,-0.12679468431001228,0,0,0,No,No
Hotan,China,2019-11,2019,11,-0.5204528410657787,0.45202315841488316,0,0,0,No,No
Hotan,China,2019-12,2019,12,0.21532371353801624,1.6662548264781745,1,0,0,No,No
Hotan,China,2020-01,2020,1,0.4920066266433184,1.1816856101963138,3,0,0,No,No
Hotan,China,2020-02,2020,2,0.36309316588434726,0.3356768394644774,2,0,0,No,No
Hotan,China,2020-03,2020,3,0.4187036562249089,-0.7463517522894724,2,0,0,No,No
Hotan,China,2020-04,2020,4,0.33609113384354383,-0.7707154547448806,2,0,0,No,No
Hotan,China,2020-05,2020,5,0.05463286358392988,-0.492303199229559,0,0,0,No,No
Hotan,China,2020-06,2020,6,-0.11334694256234634,-0.6185989878714946,1,0,0,No,No
Hotan,China,2020-07,2020,7,-0.3127468298985661,-0.22513691520632356,1,0,0,No,No
Hotan,China,2020-08,2020,8,-0.2508995302544161,-0.3271037055360969,1,0,0,No,No
Hotan,China,2020-09,2020,9,-0.22793790003645906,-0.7516445766812163,1,0,0,No,No
Hotan,China,2020-10,2020,10,-0.36425239096665407,-0.061018890447566615,0,0,0,No,No
Hotan,China,2020-11,2020,11,-0.29291329427684387,1.1332139726243962,0,0,0,No,No
Hotan,China,2020-12,2020,12,-0.10243055818475288,1.3422970597214245,2,0,0,No,No
Hotan,China,2021-01,2021,1,0.17376983961952913,1.4523742312049235,2,0,0,No,No
Hotan,China,2021-02,2021,2,-0.2563848703621687,0.8192270087519578,1,0,0,No,No
Hotan,China,2021-03,2021,3,0.24937089748996888,-0.4858497559629732,1,0,0,No,No
Hotan,China,2021-04,2021,4,0.16305572232888144,-0.5234958983684954,1,0,0,No,No
Hotan,China,2021-05,2021,5,-0.15400576703203656,-0.2980677624351493,0,0,0,No,No
Hotan,China,2021-06,2021,6,-0.5253147645878414,-0.16839072208953082,1,0,0,No,No
Hotan,China,2021-07,2021,7,0.02769520189602386,-0.447975347038887,1,0,0,No,No
Hotan,China,2021-08,2021,8,0.37925805085631514,0.3671050198318018,2,0,0,No,No
Hotan,China,2021-09,2021,9,-0.1386708028942334,-0.580461131250732,1,0,0,No,No
Hotan,China,2021-10,2021,10,-0.1694231673120233,-0.3840994844953844,1,0,0,No,No
Hotan,China,2021-11,2021,11,-0.13119865805828454,-0.07420041124363616,1,0,0,No,No
Hotan,China,2021-12,2021,12,0.3818483180558667,0.32383425309610425,2,0,0,No,No
Hotan,China,2022-01,2022,1,0.590233580177492,1.379491642276663,3,0,0,No,No
Hotan,China,2022-02,2022,2,0.3761881760715861,0.21132611582184763,2,0,0,No,No
Hotan,China,2022-03,2022,3,0.2677368298371884,-0.42835962905581404,1,0,0,No,No
Hotan,China,2022-04,2022,4,0.23943607151641796,-0.9488686578465048,1,0,0,No,No
Hotan,China,2022-05,2022,5,0.0626369212680252,-0.27091576654975297,0,0,0,No,No
Hotan,China,2022-06,2022,6,0.010101704717614558,-0.22646233277783906,1,0,0,No,No
Hotan,China,2022-07,2022,7,0.35794324093088453,-0.59094297485546,2,0,0,No,No
Hotan,China,2022-08,2022,8,-0.1572282313604157,0.4829233528748639,1,0,0,No,No
Hotan,China,2022-09,2022,9,-0.44652583043633615,-0.39396292376086056,0,0,0,No,No
Hotan,China,2022-10,2022,10,-0.6860197914721196,-0.30463508955787555,0,0,0,No,No
Hotan,China,2022-11,2022,11,-0.5044764366186266,0.5565970591680446,1,0,0,No,No
Hotan,China,2022-12,2022,12,-0.11002623463171435,0.5338092042626983,1,0,0,No,No
Hotan,China,2023-01,2023,1,0.0739891734977954,0.2825613531955459,1,0,0,No,No
Hotan,China,2023-02,2023,2,-0.15806874142290445,0.11737560031398359,0,0,0,No,No
Hotan,China,2023-03,2023,3,-0.040226685144386876,-1.491948408751428,1,0,0,No,No
Hotan,China,2023-04,2023,4,0.5190551133423251,-1.0980154537241984,1,0,0,No,No
Hotan,China,2023-05,2023,5,-0.17964204567958666,-0.5222081725996766,0,0,0,No,No
Hotan,China,2023-06,2023,6,-0.01922221692564414,-0.35476122412323385,1,0,0,No,No
Hotan,China,2023-07,2023,7,-0.0016471969415775111,0.9012415377287534,1,0,0,No,No
Hotan,China,2023-08,2023,8,0.4038911734116004,0.8639953869613481,2,0,0,No,No
Hotan,China,2023-09,2023,9,-0.132771821155684,-0.48702591958401215,1,0,0,No,No
Hotan,China,2023-10,2023,10,-0.7701133665338235,0.039906230468398585,0,0,0,No,No
Hotan,China,2023-11,2023,11,-0.21164101203953925,0.4605003604858823,0,0,0,No,No
Hotan,China,2023-12,2023,12,0.5163976255914311,1.2883787096286514,2,0,0,No,No
Hotan,China,2024-01,2024,1,0.7107198221475464,1.6135573178363103,3,0,0,No,No
Hotan,China,2024-02,2024,2,0.37902949067381103,0.5795540776911371,2,0,0,No,No
Hotan,China,2024-03,2024,3,0.22075514386611914,-0.46670887429639674,1,0,0,No,No
Hotan,China,2024-04,2024,4,0.379291332762519,-1.1561811791114232,2,0,0,No,No
Hotan,China,2024-05,2024,5,0.241441396171277,-0.9186301303607725,1,0,0,No,No
Hotan,China,2024-06,2024,6,-0.16549816590081876,-0.34563619067880386,1,0,0,No,No
Hotan,China,2024-07,2024,7,-0.0206909126706178,-0.3964613148332192,1,0,0,No,No
Hotan,China,2024-08,2024,8,0.06697390177289146,0.033078971127082885,1,0,0,No,No
Hotan,China,2024-09,2024,9,-0.13364006380126442,-0.056046237391360804,0,0,0,No,No
Hotan,China,2024-10,2024,10,-0.6664343886480896,-0.1042563595896754,0,0,0,No,No
Hotan,China,2024-11,2024,11,-0.7168536932918865,0.384733753427706,0,0,0,No,No
Hotan,China,2024-12,2024,12,-0.2950938630814818,0.8329961661794183,1,0,0,No,No
Hotan,China,2025-01,2025,1,0.4849406972221285,1.6792450561682664,3,0,0,No,No
Hotan,China,2025-02,2025,2,-0.09239668659318334,-0.4892710558984969,2,0,0,No,No
Hotan,China,2025-03,2025,3,0.26949014434663393,-1.078862113579959,1,0,0,No,No
Hotan,China,2025-04,2025,4,0.1904958190613289,-0.6025332325792272,0,0,0,No,No
Hotan,China,2025-05,2025,5,0.22400705583165328,-0.9680970315682677,1,0,0,No,No
Hotan,China,2025-06,2025,6,0.2723272652527983,-0.22315639556089395,2,0,0,No,No
Hotan,China,2025-07,2025,7,0.14435950039866383,0.7585102247968358,1,0,0,No,No
Hotan,China,2025-08,2025,8,0.20728719304164733,0.35622719455623186,1,0,0,No,No
Hotan,China,2025-09,2025,9,-0.11107722114276428,-0.427459199931575,1,0,0,No,No
Hotan,China,2025-10,2025,10,-0.8745415365543634,-0.3392728560938101,0,0,0,No,No
Hotan,China,2025-11,2025,11,-0.5925444410965891,0.4135549286937933,0,0,0,No,No
Hotan,China,2025-12,2025,12,-0.12234778976795346,0.9211144809971077,1,0,0,No,No
Hotan,China,2026-01,2026,1,0.44374715306480467,1.5308630365124807,2,0,0,No,No
Hotan,China,2026-02,2026,2,-0.018770683945824745,-0.48523108393932374,0,0,0,No,No
Hotan,China,2026-03,2026,3,0.27575071359110953,-0.24727598492522662,0,0,0,No,No
Hotan,China,2026-04,2026,4,0.214447360223116,-1.1725322394489026,1,0,0,No,No
Hotan,China,2026-05,2026,5,-0.1302521410296523,-0.25420910874656755,0,0,0,No,No
Hotan,China,2026-06,2026,6,-0.7849224019035581,0.6283853805475523,1,0,0,No,No
Kashgar,China,2018-07,2018,7,0.26487424939107246,-0.3417401207100461,2,0,0,No,No
Kashgar,China,2018-08,2018,8,0.1349361585093392,-0.07031845852493171,0,0,0,No,No
Kashgar,China,2018-09,2018,9,-0.1354283171523831,-0.14880816821025966,0,0,0,No,No
Kashgar,China,2018-10,2018,10,-0.3756988939502595,-0.6996824770436556,0,0,0,No,No
Kashgar,China,2018-11,2018,11,-0.7774777181579132,0.05155492127156425,0,0,0,No,No
Kashgar,China,2018-12,2018,12,0.8887945213601387,1.2089943032173402,3,0,0,No,No
Kashgar,China,2019-01,2019,1,0.4264012981466473,1.3461489044462338,2,0,0,No,No
Kashgar,China,2019-02,2019,2,0.5705225103944117,0.00688719639721759,2,0,0,No,No
Kashgar,China,2019-03,2019,3,0.4897871007507774,-1.138963886454352,2,0,0,No,No
Kashgar,China,2019-04,2019,4,0.04658958416556267,-0.6352203854984342,1,0,0,No,No
Kashgar,China,2019-05,2019,5,0.2336601503931524,-1.2779284237574635,1,0,0,No,No
Kashgar,China,2019-06,2019,6,-0.19732714360088582,-0.7222416640065938,0,0,0,No,No
Kashgar,China,2019-07,2019,7,0.06547951902447646,-0.16788239889847634,1,0,0,No,No
Kashgar,China,2019-08,2019,8,-0.22367064910735457,0.3834082532745534,1,0,0,No,No
Kashgar,China,2019-09,2019,9,-0.6768916220785288,-0.3941914911803145,0,0,0,No,No
Kashgar,China,2019-10,2019,10,-0.717698802721333,0.1686850464675641,0,0,0,No,No
Kashgar,China,2019-11,2019,11,-0.18669090039562738,1.0824768976305663,1,0,0,No,No
Kashgar,China,2019-12,2019,12,0.1698389550287016,1.3488219515795021,1,0,0,No,No
Kashgar,China,2020-01,2020,1,0.6545750223755322,1.3584087693716878,3,0,0,No,No
Kashgar,China,2020-02,2020,2,0.4118325484704222,0.31305189880312306,3,0,0,No,No
Kashgar,China,2020-03,2020,3,0.5504499301737338,-0.9349114828196311,2,0,0,No,No
Kashgar,China,2020-04,2020,4,0.3059421556310834,-0.8921366081268958,1,0,0,No,No
Kashgar,China,2020-05,2020,5,-0.07248299068934473,-0.49008453832312704,0,0,0,No,No
Kashgar,China,2020-06,2020,6,-0.08037267421410349,-0.49608735582005037,1,0,0,No,No
Kashgar,China,2020-07,2020,7,-0.373526935913159,-0.07581963248130011,1,0,0,No,No
Kashgar,China,2020-08,2020,8,-0.3456408457539516,-0.23824348840370846,1,0,0,No,No
Kashgar,China,2020-09,2020,9,-0.343423040001822,-0.699023087526575,0,0,0,No,No
Kashgar,China,2020-10,2020,10,-0.33085129063814456,0.16583092060117482,0,0,0,No,No
Kashgar,China,2020-11,2020,11,-0.07752290413260907,1.6074519586161096,1,0,0,No,No
Kashgar,China,2020-12,2020,12,-0.29897897530763423,0.3815626461091864,0,0,0,No,No
Kashgar,China,2021-01,2021,1,0.26307354384991755,1.6895454696681325,2,0,0,No,No
Kashgar,China,2021-02,2021,2,-0.09304320570755586,1.313630833062219,1,0,0,No,No
Kashgar,China,2021-03,2021,3,0.24731846057632284,-0.5398054657429396,1,0,0,No,No
Kashgar,China,2021-04,2021,4,0.0563585226465624,-0.6369377937064857,1,0,0,No,No
Kashgar,China,2021-05,2021,5,-0.38307946585793484,-0.6182098659882479,0,0,0,No,No
Kashgar,China,2021-06,2021,6,-0.5811814845568755,-0.3626923834505135,1,0,0,No,No
Kashgar,China,2021-07,2021,7,-0.057798535690739984,-0.4017680877092461,1,0,0,No,No
Kashgar,China,2021-08,2021,8,0.19993103270633822,0.18546153841258578,2,0,0,No,No
Kashgar,China,2021-09,2021,9,-0.24791760821068304,-0.6822219096051325,1,0,0,No,No
Kashgar,China,2021-10,2021,10,-0.16096192804527423,-0.21594635704036225,1,0,0,No,No
Kashgar,China,2021-11,2021,11,0.22623741971974046,0.41921310482274704,1,0,0,No,No
Kashgar,China,2021-12,2021,12,0.5310632485701821,-0.1502690827227484,1,0,0,No,No
Kashgar,China,2022-01,2022,1,0.7915692089219195,1.6117053480942118,3,0,0,No,No
Kashgar,China,2022-02,2022,2,0.58856518173304,0.06121441298762592,2,0,0,No,No
Kashgar,China,2022-03,2022,3,0.27532527410012503,-0.11639070297940202,0,0,0,No,No
Kashgar,China,2022-04,2022,4,0.25722394003546756,-0.8004766895233476,1,0,0,No,No
Kashgar,China,2022-05,2022,5,-0.12646650206019447,-0.28466886688009313,0,0,0,No,No
Kashgar,China,2022-06,2022,6,-0.04643471783838102,-0.2647302275542708,1,0,0,No,No
Kashgar,China,2022-07,2022,7,0.39862342682025786,-0.734599415537459,2,0,0,No,No
Kashgar,China,2022-08,2022,8,-0.4604856869228193,0.5605140137576989,1,0,0,No,No
Kashgar,China,2022-09,2022,9,-0.5744641124550569,-0.4565222807830201,0,0,0,No,No
Kashgar,China,2022-10,2022,10,-0.6441382557938493,-0.09443455748614789,0,0,0,No,No
Kashgar,China,2022-11,2022,11,-0.3592075643490469,0.8002798181950078,1,0,0,No,No
Kashgar,China,2022-12,2022,12,-0.10011019219146207,-0.28189085229080724,0,0,0,No,No
Kashgar,China,2023-01,2023,1,0.5866750216109875,1.511915626472558,3,0,0,No,No
Kashgar,China,2023-02,2023,2,-0.08183141171703605,0.2951015467542737,1,0,0,No,No
Kashgar,China,2023-03,2023,3,0.11816492076095413,-1.2856041703866854,1,0,0,No,No
Kashgar,China,2023-04,2023,4,0.3306807171466081,-1.1434824469137175,1,0,0,No,No
Kashgar,China,2023-05,2023,5,-0.3573959590045218,-0.9666546000947428,0,0,0,No,No
Kashgar,China,2023-06,2023,6,0.06336879660156843,-0.4403051019229335,1,0,0,No,No
Kashgar,China,2023-07,2023,7,-0.18337852051826709,0.6412565680210933,1,0,0,No,No
Kashgar,China,2023-08,2023,8,-0.03260546587122398,0.28568543520479434,1,0,0,No,No
Kashgar,China,2023-09,2023,9,-0.3144402073502288,-0.599470880410074,1,0,0,No,No
Kashgar,China,2023-10,2023,10,-0.7005594872725023,0.18249961392978095,0,0,0,No,No
Kashgar,China,2023-11,2023,11,0.20602002395590216,1.5793813388215852,1,0,0,No,No
Kashgar,China,2023-12,2023,12,0.36530157165776567,-0.06032292947593984,2,0,0,No,No
Kashgar,China,2024-01,2024,1,0.9146442512291003,1.7538896076923547,3,0,0,No,No
Kashgar,China,2024-02,2024,2,0.2604951695225901,0.10033668492333961,2,0,0,No,No
Kashgar,China,2024-03,2024,3,0.232890384716716,-0.6730166515207069,1,0,0,No,No
Kashgar,China,2024-04,2024,4,0.31771614874169296,-1.0452234247754661,1,0,0,No,No
Kashgar,China,2024-05,2024,5,0.14688675586065356,-1.0361063057930968,1,0,0,No,No
Kashgar,China,2024-06,2024,6,-0.1555566288065694,-0.3314710812542845,1,0,0,No,No
Kashgar,China,2024-07,2024,7,-0.13442858332034766,-0.3280015186666288,1,0,0,No,No
Kashgar,China,2024-08,2024,8,-0.22527646195644885,0.04838442135395624,1,0,0,No,No
Kashgar,China,2024-09,2024,9,-0.17471575050388824,-0.44707653168855144,1,0,0,No,No
Kashgar,China,2024-10,2024,10,-0.49987292148314777,0.10320367925917692,0,0,0,No,No
Kashgar,China,2024-11,2024,11,-0.4874777390738033,1.0754770561018545,0,0,0,No,No
Kashgar,China,2024-12,2024,12,-0.19530462492654957,0.7796040643680487,1,0,0,No,No
Kashgar,China,2025-01,2025,1,0.6537247107906662,1.9920400428873686,3,0,1,No,Yes
Kashgar,China,2025-02,2025,2,0.07988759371105428,-0.2608094729987123,2,0,0,No,No
Kashgar,China,2025-03,2025,3,0.3473627530412382,-1.0327457174475378,1,0,0,No,No
Kashgar,China,2025-04,2025,4,0.10249306994066265,-0.5636202367284748,0,0,0,No,No
Kashgar,China,2025-05,2025,5,-0.07452721661466422,-1.1308225011572506,1,0,0,No,No
Kashgar,China,2025-06,2025,6,0.1725296817764491,-0.24217878965791795,1,0,0,No,No
Kashgar,China,2025-07,2025,7,-0.08538766412666088,0.7135569317732482,1,0,0,No,No
Kashgar,China,2025-08,2025,8,0.16075957593917378,-0.011871243048129393,0,0,0,No,No
Kashgar,China,2025-09,2025,9,-0.27852629168413123,-0.7416772430885525,1,0,0,No,No
Kashgar,China,2025-10,2025,10,-0.7892924987183491,-0.2869211026882452,0,0,0,No,No
Kashgar,China,2025-11,2025,11,-0.21164976704760408,0.8736953792340397,1,0,0,No,No
Kashgar,China,2025-12,2025,12,-0.0773739470078372,0.6913539529201664,0,0,0,No,No
Kashgar,China,2026-01,2026,1,0.4583035486574076,1.3374402523537503,3,0,0,No,No
Kashgar,China,2026-02,2026,2,0.3213560620715474,0.34144068996590293,1,0,0,No,No
Kashgar,China,2026-03,2026,3,0.31230291159204987,-0.6107849929935021,0,0,0,No,No
Kashgar,China,2026-04,2026,4,-0.04459755212062304,-1.0615665767700486,1,0,0,No,No
Kashgar,China,2026-05,2026,5,-0.35461788335158967,-0.42649324685179896,0,0,0,No,No
Kashgar,China,2026-06,2026,6,-0.6927470868487958,0.41996387429570714,1,0,0,No,No
Lahore,Pakistan,2018-07,2018,7,-0.3737493779787003,-1.3976904525054008,0,0,0,No,No
Lahore,Pakistan,2018-08,2018,8,-0.4528689399485996,-1.0714313543269827,0,0,0,No,No
Lahore,Pakistan,2018-09,2018,9,-0.4312232073368191,-0.6822818660764028,0,0,0,No,No
Lahore,Pakistan,2018-10,2018,10,0.9495284417025616,-0.5054457058542587,2,0,0,No,No
Lahore,Pakistan,2018-11,2018,11,-0.17952935349570676,1.0763276071998726,0,0,0,No,No
Lahore,Pakistan,2018-12,2018,12,0.4878424370572625,2.5805217715631716,2,0,1,No,Yes
Lahore,Pakistan,2019-01,2019,1,0.6251809649367823,1.327935756923044,2,0,0,No,No
Lahore,Pakistan,2019-02,2019,2,-0.18450500442912246,0.16948994446267646,0,0,0,No,No
Lahore,Pakistan,2019-03,2019,3,0.08164986195981234,-0.15049360857357474,0,0,0,No,No
Lahore,Pakistan,2019-04,2019,4,0.04932612925657835,-0.08773548180293433,1,0,0,No,No
Lahore,Pakistan,2019-05,2019,5,0.5989982004738084,-0.6508745745313052,2,0,0,No,No
Lahore,Pakistan,2019-06,2019,6,0.46537347122776873,-1.386186764136914,1,0,0,No,No
Lahore,Pakistan,2019-07,2019,7,-0.8559531944584684,-1.6949679782432026,0,0,0,No,No
Lahore,Pakistan,2019-08,2019,8,-1.0374723873494953,-0.6935884096801019,0,0,0,No,No
Lahore,Pakistan,2019-09,2019,9,-0.6665453904600175,0.1572283789355534,0,0,0,No,No
Lahore,Pakistan,2019-10,2019,10,0.10992744976938731,0.6070022885090822,1,0,0,No,No
Lahore,Pakistan,2019-11,2019,11,-0.504473012279784,1.0415255343400747,0,0,0,No,No
Lahore,Pakistan,2019-12,2019,12,1.3184929113527382,1.3606649137976299,3,1,0,Yes,No
Lahore,Pakistan,2020-01,2020,1,0.6086459505847551,0.7774445328368581,3,0,0,No,No
Lahore,Pakistan,2020-02,2020,2,0.4386669454549866,0.1833660307881553,1,0,0,No,No
Lahore,Pakistan,2020-03,2020,3,-0.23817670793581164,-1.1228662554911355,1,0,0,No,No
Lahore,Pakistan,2020-04,2020,4,-0.22606025167235028,-0.9345866321933626,1,0,0,No,No
Lahore,Pakistan,2020-05,2020,5,0.22336164839084333,-0.7869591480065522,1,0,0,No,No
Lahore,Pakistan,2020-06,2020,6,-0.09311545375640273,-0.8259769027450804,1,0,0,No,No
Lahore,Pakistan,2020-07,2020,7,-0.9493541699273494,-0.8552350918604226,0,0,0,No,No
Lahore,Pakistan,2020-08,2020,8,-1.396498851389848,-0.6740599135447314,0,0,0,No,No
Lahore,Pakistan,2020-09,2020,9,-0.24256511692654442,0.12224699756033963,0,0,0,No,No
Lahore,Pakistan,2020-10,2020,10,0.37858836969369053,0.22139507637391675,2,0,0,No,No
Lahore,Pakistan,2020-11,2020,11,0.5895135214472706,1.6769233583157734,2,0,0,No,No
Lahore,Pakistan,2020-12,2020,12,0.9069941160367572,2.218307947966232,3,0,1,No,Yes
Lahore,Pakistan,2021-01,2021,1,0.01613465570147623,1.040128140542584,1,0,0,No,No
Lahore,Pakistan,2021-02,2021,2,0.22445284038680122,1.2231609501518506,2,0,0,No,No
Lahore,Pakistan,2021-03,2021,3,-0.21966305177724288,-1.2589161974205862,1,0,0,No,No
Lahore,Pakistan,2021-04,2021,4,-0.015388478223897351,-0.4099426397535732,1,0,0,No,No
Lahore,Pakistan,2021-05,2021,5,-0.17152892442964146,-0.42729283149609887,1,0,0,No,No
Lahore,Pakistan,2021-06,2021,6,-0.31009234681941866,-0.7235116184793149,0,0,0,No,No
Lahore,Pakistan,2021-07,2021,7,-0.5855096664432123,-1.279979444874301,0,0,0,No,No
Lahore,Pakistan,2021-08,2021,8,-0.22791985776393764,-0.6818209317929129,0,0,0,No,No
Lahore,Pakistan,2021-09,2021,9,-0.79202345152425,-0.6086351050104841,0,0,0,No,No
Lahore,Pakistan,2021-10,2021,10,0.030474501687266287,-0.1796792681068472,1,0,0,No,No
Lahore,Pakistan,2021-11,2021,11,0.6414630126406103,1.4278288205216465,3,0,0,No,No
Lahore,Pakistan,2021-12,2021,12,1.4096007665654535,1.8786601257180353,4,1,1,Yes,Yes
Lahore,Pakistan,2022-01,2022,1,0.8807519396912026,1.2469559625504836,3,0,0,No,No
Lahore,Pakistan,2022-02,2022,2,0.5640384309865403,-0.19738282843684918,1,0,0,No,No
Lahore,Pakistan,2022-03,2022,3,0.14757225665376014,-0.012751045983871417,0,0,0,No,No
Lahore,Pakistan,2022-04,2022,4,0.5453971939392529,-0.6937828415218383,1,0,0,No,No
Lahore,Pakistan,2022-05,2022,5,0.5920482174346136,-0.6284192167392961,2,0,0,No,No
Lahore,Pakistan,2022-06,2022,6,0.2335496460911961,-0.8662810493898903,1,0,0,No,No
Lahore,Pakistan,2022-07,2022,7,-1.1985014473220221,-1.2725111677212162,0,0,0,No,No
Lahore,Pakistan,2022-08,2022,8,-1.2619548762289106,-0.9765359443300652,0,0,0,No,No
Lahore,Pakistan,2022-09,2022,9,-0.7354282558676977,-0.629716279283266,0,0,0,No,No
Lahore,Pakistan,2022-10,2022,10,-0.08541223935343892,0.2804730962371371,0,0,0,No,No
Lahore,Pakistan,2022-11,2022,11,0.011144593523036667,1.6025139896810838,1,0,0,No,No
Lahore,Pakistan,2022-12,2022,12,0.306794540452466,2.147437324937589,1,0,0,No,No
Lahore,Pakistan,2023-01,2023,1,0.4424593459269161,1.7180391522627803,2,0,0,No,No
Lahore,Pakistan,2023-02,2023,2,-0.2802326510092349,0.2675051400603588,0,0,0,No,No
Lahore,Pakistan,2023-03,2023,3,-0.6565310837165741,-0.30635821034763344,0,0,0,No,No
Lahore,Pakistan,2023-04,2023,4,0.23453247909229216,-1.4209522786426823,1,0,0,No,No
Lahore,Pakistan,2023-05,2023,5,0.5032706145811614,-1.281644530217119,2,0,0,No,No
Lahore,Pakistan,2023-06,2023,6,-0.11913070985382523,-0.6988558687898135,0,0,0,No,No
Lahore,Pakistan,2023-07,2023,7,-1.1470740090476437,-0.2248602769118837,0,0,0,No,No
Lahore,Pakistan,2023-08,2023,8,-0.4935241019935576,-0.6524366281240602,0,0,0,No,No
Lahore,Pakistan,2023-09,2023,9,-0.6029247476723135,-0.22403732385769765,0,0,0,No,No
Lahore,Pakistan,2023-10,2023,10,0.02062984978090552,0.17375565442452828,1,0,0,No,No
Lahore,Pakistan,2023-11,2023,11,0.7268021624274128,0.6515428303092402,1,0,0,No,No
Lahore,Pakistan,2023-12,2023,12,1.371722851484466,1.9983023398339719,3,1,1,Yes,Yes
Lahore,Pakistan,2024-01,2024,1,1.106790785750163,1.8517781832440687,2,1,1,Yes,Yes
Lahore,Pakistan,2024-02,2024,2,0.34827076222579867,0.24040911457011582,1,0,0,No,No
Lahore,Pakistan,2024-03,2024,3,-0.10324272880414642,-0.2045294744654667,0,0,0,No,No
Lahore,Pakistan,2024-04,2024,4,0.18147056125234734,-0.9091705675761025,1,0,0,No,No
Lahore,Pakistan,2024-05,2024,5,0.4837409453167238,-0.6026469112546989,1,0,0,No,No
Lahore,Pakistan,2024-06,2024,6,-0.06477462689814995,-0.7320504354229233,0,0,0,No,No
Lahore,Pakistan,2024-07,2024,7,-0.9361995389297775,-0.737972885170717,0,0,0,No,No
Lahore,Pakistan,2024-08,2024,8,-1.3115964175934869,-0.6471952295108698,0,0,0,No,No
Lahore,Pakistan,2024-09,2024,9,-0.6088144747051473,-0.12440947624082285,0,0,0,No,No
Lahore,Pakistan,2024-10,2024,10,-0.05139596396683434,0.4530759767986364,0,0,0,No,No
Lahore,Pakistan,2024-11,2024,11,0.7148461309083295,0.5178399363300303,2,0,0,No,No
Lahore,Pakistan,2024-12,2024,12,0.24090456544417838,0.8948717686987532,1,0,0,No,No
Lahore,Pakistan,2025-01,2025,1,0.8750623876956315,1.926958438365884,2,0,1,No,Yes
Lahore,Pakistan,2025-02,2025,2,0.1177173520654895,-0.64236791043262,1,0,0,No,No
Lahore,Pakistan,2025-03,2025,3,-0.09583642540284162,-0.9419790410800852,1,0,0,No,No
Lahore,Pakistan,2025-04,2025,4,0.5594056678865945,-0.7799785779256256,3,0,0,No,No
Lahore,Pakistan,2025-05,2025,5,0.707366722447666,-0.6779819444664666,2,0,0,No,No
Lahore,Pakistan,2025-06,2025,6,-0.122793838677515,-0.5126191088064074,0,0,0,No,No
Lahore,Pakistan,2025-07,2025,7,-1.155554050684461,-0.6316499639345423,0,0,0,No,No
Lahore,Pakistan,2025-08,2025,8,-0.9649063572617529,-0.43144434401532156,0,0,0,No,No
Lahore,Pakistan,2025-09,2025,9,-0.7292347096184573,-0.5768183264296259,0,0,0,No,No
Lahore,Pakistan,2025-10,2025,10,-0.10183496783716653,0.1295697469651582,0,0,0,No,No
Lahore,Pakistan,2025-11,2025,11,0.5247827698659366,1.4263606366185901,2,0,0,No,No
Lahore,Pakistan,2025-12,2025,12,0.3858254495208814,1.7119503951410593,2,0,0,No,No
Lahore,Pakistan,2026-01,2026,1,0.1252375753923342,1.7041861523976736,1,0,0,No,No
Lahore,Pakistan,2026-02,2026,2,0.21936751877158284,1.3027318674381017,0,0,0,No,No
Lahore,Pakistan,2026-03,2026,3,-0.7962412566843055,-1.1611604189297238,0,0,0,No,No
Lahore,Pakistan,2026-04,2026,4,-0.4533875838765201,-1.7491459531077043,1,0,0,No,No
Lahore,Pakistan,2026-05,2026,5,0.36390141014653493,-0.6146978160023868,1,0,0,No,No
Lahore,Pakistan,2026-06,2026,6,0.5411223362503719,0.5180861682040487,2,0,0,No,No
Loni,India,2018-07,2018,7,-0.3571855467615209,-1.3953059259408334,1,0,0,No,No
Loni,India,2018-08,2018,8,-0.7233144800696517,-0.7395333998088673,0,0,0,No,No
Loni,India,2018-09,2018,9,-0.5340737421551387,-0.832514044115905,0,0,0,No,No
Loni,India,2018-10,2018,10,0.5453536178571364,-0.30334166224354714,1,0,0,No,No
Loni,India,2018-11,2018,11,0.3728007868830116,0.8378923976646657,1,0,0,No,No
Loni,India,2018-12,2018,12,0.6964193642461634,2.432802634444487,3,0,1,No,Yes
Loni,India,2019-01,2019,1,0.42871665113270324,1.277879678505292,1,0,0,No,No
Loni,India,2019-02,2019,2,0.14206689349207136,1.960953346908987,1,0,0,No,No
Loni,India,2019-03,2019,3,0.08545607617274922,0.26724884061205606,0,0,0,No,No
Loni,India,2019-04,2019,4,0.40400626840474024,-0.22691868612541655,1,0,0,No,No
Loni,India,2019-05,2019,5,0.6325880070032023,-0.7504189442125604,2,0,0,No,No
Loni,India,2019-06,2019,6,0.34680553954508975,-0.9614185492915819,1,0,0,No,No
Loni,India,2019-07,2019,7,-0.608553857081722,-1.7340154754329453,0,0,0,No,No
Loni,India,2019-08,2019,8,-0.9411049954740136,-0.6837601240292743,0,0,0,No,No
Loni,India,2019-09,2019,9,-1.0943408458573833,-0.5785643439216256,0,0,0,No,No
Loni,India,2019-10,2019,10,0.05426034580357379,0.040798590096170456,1,0,0,No,No
Loni,India,2019-11,2019,11,-0.24208062440938707,0.8294198257922716,0,0,0,No,No
Loni,India,2019-12,2019,12,0.7921805412683763,0.5587958410986297,3,0,0,No,No
Loni,India,2020-01,2020,1,0.525713865066391,0.9211303853365631,2,0,0,No,No
Loni,India,2020-02,2020,2,0.5052419745571095,0.27450271364573386,1,0,0,No,No
Loni,India,2020-03,2020,3,0.09250535028717516,-0.6563636536555197,1,0,0,No,No
Loni,India,2020-04,2020,4,0.16861033489699748,-1.1015568068683266,1,0,0,No,No
Loni,India,2020-05,2020,5,0.37609026574790716,-0.7601520771243551,1,0,0,No,No
Loni,India,2020-06,2020,6,-0.11823902281656624,-0.8839962275027122,0,0,0,No,No
Loni,India,2020-07,2020,7,-1.0835485759391,-0.8810158308497722,0,0,0,No,No
Loni,India,2020-08,2020,8,-1.4091728136848636,-0.7735524313577886,0,0,0,No,No
Loni,India,2020-09,2020,9,-0.7769806350053834,-0.034981112124722935,0,0,0,No,No
Loni,India,2020-10,2020,10,0.22065284140795982,0.418910723773196,2,0,0,No,No
Loni,India,2020-11,2020,11,1.0379132058859855,1.4801568694168927,4,1,0,Yes,No
Loni,India,2020-12,2020,12,0.4612132095963858,1.996917447310811,2,0,1,No,Yes
Loni,India,2021-01,2021,1,-0.01801040892156096,1.8695672622887216,1,0,0,No,No
Loni,India,2021-02,2021,2,0.40670004507796625,1.2458661543499132,2,0,0,No,No
Loni,India,2021-03,2021,3,-0.03199777663346545,-0.6225999171392127,0,0,0,No,No
Loni,India,2021-04,2021,4,0.51102028799572,-0.1432537228278138,1,0,0,No,No
Loni,India,2021-05,2021,5,-0.1195053084137085,-0.4468002835828643,1,0,0,No,No
Loni,India,2021-06,2021,6,-0.3183878174518565,-0.932807560690637,0,0,0,No,No
Loni,India,2021-07,2021,7,-0.6355926723361536,-1.4817342822486304,0,0,0,No,No
Loni,India,2021-08,2021,8,-0.6389027407841417,-0.9935567014132526,0,0,0,No,No
Loni,India,2021-09,2021,9,-0.9361138047396697,-1.1621181174452893,0,0,0,No,No
Loni,India,2021-10,2021,10,0.04474080999420873,-0.06332744535954371,1,0,0,No,No
Loni,India,2021-11,2021,11,0.8441112073573717,1.6575038557322297,3,0,0,No,No
Loni,India,2021-12,2021,12,0.8919381788552911,1.07326075833637,3,0,0,No,No
Loni,India,2022-01,2022,1,0.29797594591146465,0.3940157920493832,1,0,0,No,No
Loni,India,2022-02,2022,2,0.669075069385553,0.34719806458366387,2,0,0,No,No
Loni,India,2022-03,2022,3,0.27830484558973384,-0.17536894057913144,0,0,0,No,No
Loni,India,2022-04,2022,4,0.6985711445959946,-0.6391853361487182,2,0,0,No,No
Loni,India,2022-05,2022,5,0.8029229770297647,-0.5215898927249485,2,0,0,No,No
Loni,India,2022-06,2022,6,-0.113022166721052,-1.2049894410997861,0,0,0,No,No
Loni,India,2022-07,2022,7,-1.0876715805232282,-1.0703757561577838,0,0,0,No,No
Loni,India,2022-08,2022,8,-1.1433990893252992,-0.8709703065610628,0,0,0,No,No
Loni,India,2022-09,2022,9,-0.8884915253801795,-0.7112738419415792,0,0,0,No,No
Loni,India,2022-10,2022,10,0.08353485461775173,0.30900322977995004,1,0,0,No,No
Loni,India,2022-11,2022,11,0.19129729423402816,1.621596247829096,1,0,0,No,No
Loni,India,2022-12,2022,12,0.2109022305854765,2.521940180970904,2,0,1,No,Yes
Loni,India,2023-01,2023,1,0.10893496011872757,1.6886475110578487,2,0,0,No,No
Loni,India,2023-02,2023,2,0.10050864227405217,1.00435816120513,1,0,0,No,No
Loni,India,2023-03,2023,3,-0.17862360259874555,-0.25616599447293653,0,0,0,No,No
Loni,India,2023-04,2023,4,0.5022917166905273,-0.9848589157389642,1,0,0,No,No
Loni,India,2023-05,2023,5,0.37590806167773394,-1.2331993196449618,2,0,0,No,No
Loni,India,2023-06,2023,6,-0.5177952482098522,-1.343285262754355,0,0,0,No,No
Loni,India,2023-07,2023,7,-1.1334819800616323,-0.5987730516863445,0,0,0,No,No
Loni,India,2023-08,2023,8,-0.8524994782938589,-0.8331985679572733,0,0,0,No,No
Loni,India,2023-09,2023,9,-0.6764178971850179,-0.20573232506257555,0,0,0,No,No
Loni,India,2023-10,2023,10,0.17927179834380189,0.06292442049606456,0,0,0,No,No
Loni,India,2023-11,2023,11,1.0947808674762338,0.6938092518673613,2,1,0,Yes,No
Loni,India,2023-12,2023,12,0.9971221597680406,2.005474092690998,2,0,1,No,Yes
Loni,India,2024-01,2024,1,1.2560893650889853,1.920829227865909,2,1,1,Yes,Yes
Loni,India,2024-02,2024,2,0.058739936662229854,0.1754236453343564,0,0,0,No,No
Loni,India,2024-03,2024,3,0.03919500530836109,-0.24304410511480587,0,0,0,No,No
Loni,India,2024-04,2024,4,0.445260270338011,-1.18905194825587,1,0,0,No,No
Loni,India,2024-05,2024,5,0.7868329998920054,-0.46083193357657726,2,0,0,No,No
Loni,India,2024-06,2024,6,-0.10550152446740184,-0.9372882161828446,0,0,0,No,No
Loni,India,2024-07,2024,7,-0.970853092344424,-0.6053617872438288,0,0,0,No,No
Loni,India,2024-08,2024,8,-1.3035689126432977,-0.7439531779031406,0,0,0,No,No
Loni,India,2024-09,2024,9,-0.9035092973807206,-0.21587738575086451,0,0,0,No,No
Loni,India,2024-10,2024,10,-0.004289359872391785,0.5389828644012238,0,0,0,No,No
Loni,India,2024-11,2024,11,0.591454108986302,0.8578169180839978,2,0,0,No,No
Loni,India,2024-12,2024,12,0.1101505004323404,0.9023558983424493,1,0,0,No,No
Loni,India,2025-01,2025,1,0.4864388883247943,1.453246011526029,1,0,0,No,No
Loni,India,2025-02,2025,2,0.029601632280910735,-0.30540575943675513,0,0,0,No,No
Loni,India,2025-03,2025,3,0.21461657568489034,-0.7225405896298441,1,0,0,No,No
Loni,India,2025-04,2025,4,0.9929355071409542,-0.6481596355333432,3,0,0,No,No
Loni,India,2025-05,2025,5,0.5188401130219351,-0.6030137386831436,1,0,0,No,No
Loni,India,2025-06,2025,6,-0.22517893320032306,-0.6087702935794639,0,0,0,No,No
Loni,India,2025-07,2025,7,-0.9111776438687919,-0.5738721618116599,0,0,0,No,No
Loni,India,2025-08,2025,8,-1.1485559206630298,-0.6538872448199606,0,0,0,No,No
Loni,India,2025-09,2025,9,-0.9026500641833808,-0.769504277134047,0,0,0,No,No
Loni,India,2025-10,2025,10,-0.15291863480240217,-0.042130830762516,0,0,0,No,No
Loni,India,2025-11,2025,11,0.9270562047679931,2.3367095365874855,3,0,1,No,Yes
Loni,India,2025-12,2025,12,0.1709922754964423,1.13732898327722,1,0,0,No,No
Loni,India,2026-01,2026,1,-0.031743081338268773,2.0177112591162016,1,0,0,No,No
Loni,India,2026-02,2026,2,-0.06683161025648379,0.673298432872377,0,0,0,No,No
Loni,India,2026-03,2026,3,0.09962431908583565,0.9139939211503851,1,0,0,No,No
Loni,India,2026-04,2026,4,0.024436506447523165,-0.7732966930347505,0,0,0,No,No
Loni,India,2026-05,2026,5,0.5094921505027281,-0.1431407594300579,1,0,0,No,No
Loni,India,2026-06,2026,6,-0.5349782844413362,-2.688566160674154,1,0,0,No,No
Noida,India,2018-07,2018,7,-0.3319878020095636,-1.4786111590659543,1,0,0,No,No
Noida,India,2018-08,2018,8,-0.8081050645869492,-0.8325237662830919,0,0,0,No,No
Noida,India,2018-09,2018,9,-0.41376768596955954,-0.6318926787856001,0,0,0,No,No
Noida,India,2018-10,2018,10,0.5191500254564406,-0.21402639181600572,1,0,0,No,No
Noida,India,2018-11,2018,11,0.3535333793832394,0.641816844326208,2,0,0,No,No
Noida,India,2018-12,2018,12,0.6811771477263885,2.515237151624445,3,0,1,No,Yes
Noida,India,2019-01,2019,1,0.46947989700365883,1.7037946307490388,2,0,0,No,No
Noida,India,2019-02,2019,2,0.0033397708255672454,1.7225315561306271,2,0,0,No,No
Noida,India,2019-03,2019,3,0.24969384351177096,0.7519859096567074,1,0,0,No,No
Noida,India,2019-04,2019,4,0.43030946801039366,-0.20825044562205614,1,0,0,No,No
Noida,India,2019-05,2019,5,0.5368850589406519,-0.7410607343241988,1,0,0,No,No
Noida,India,2019-06,2019,6,0.3670623089334778,-1.096985939395362,2,0,0,No,No
Noida,India,2019-07,2019,7,-0.7286192885062767,-2.1549995568878817,0,0,0,No,No
Noida,India,2019-08,2019,8,-0.9244396813101836,-0.829712826740064,0,0,0,No,No
Noida,India,2019-09,2019,9,-1.0367220937759383,-0.5949634961097342,0,0,0,No,No
Noida,India,2019-10,2019,10,0.1658009785652765,0.06654085271253277,1,0,0,No,No
Noida,India,2019-11,2019,11,-0.29611497581483837,0.6357944439883483,0,0,0,No,No
Noida,India,2019-12,2019,12,0.7633247136164372,0.7453256058420517,2,0,0,No,No
Noida,India,2020-01,2020,1,0.37655642191981575,0.6376405977858993,1,0,0,No,No
Noida,India,2020-02,2020,2,0.5235178338787587,0.26254329210986327,1,0,0,No,No
Noida,India,2020-03,2020,3,0.00841132760318324,-0.6083238444810097,1,0,0,No,No
Noida,India,2020-04,2020,4,0.19358461628703277,-0.9185542199367174,1,0,0,No,No
Noida,India,2020-05,2020,5,0.26992505015506996,-0.9435920555399411,1,0,0,No,No
Noida,India,2020-06,2020,6,-0.14545319249795274,-1.15498038996519,1,0,0,No,No
Noida,India,2020-07,2020,7,-1.0969002976629996,-1.1843235929073712,0,0,0,No,No
Noida,India,2020-08,2020,8,-1.298252979704777,-0.6993920502911773,0,0,0,No,No
Noida,India,2020-09,2020,9,-0.5630158606530107,0.23560750053274898,0,0,0,No,No
Noida,India,2020-10,2020,10,0.38536050844150616,0.7501939600555727,2,0,0,No,No
Noida,India,2020-11,2020,11,0.7519887213611757,1.1189982649923795,3,0,0,No,No
Noida,India,2020-12,2020,12,0.5942778508721993,2.5041825376449447,2,0,1,No,Yes
Noida,India,2021-01,2021,1,-0.17105250567385144,1.6060450231908263,1,0,0,No,No
Noida,India,2021-02,2021,2,0.21146173246291705,0.9645021356825781,2,0,0,No,No
Noida,India,2021-03,2021,3,-0.019461432660373,-0.5573683031659166,0,0,0,No,No
Noida,India,2021-04,2021,4,0.5646449024118189,0.0123301350827437,1,0,0,No,No
Noida,India,2021-05,2021,5,-0.15599939645213137,-0.34892934853294244,1,0,0,No,No
Noida,India,2021-06,2021,6,-0.31553434812077474,-0.9465832647391335,0,0,0,No,No
Noida,India,2021-07,2021,7,-0.6349959572276256,-1.6490638941705045,0,0,0,No,No
Noida,India,2021-08,2021,8,-0.5785116069116001,-0.8803074878902725,0,0,0,No,No
Noida,India,2021-09,2021,9,-0.9496005136488963,-1.2339564012880349,0,0,0,No,No
Noida,India,2021-10,2021,10,0.1255722943428632,0.1442894076884143,1,0,0,No,No
Noida,India,2021-11,2021,11,0.9150211161549148,1.4594104442902516,3,0,0,No,No
Noida,India,2021-12,2021,12,1.0084557153227411,1.429631553851985,3,1,0,Yes,No
Noida,India,2022-01,2022,1,0.34929727646007386,0.42872332742496366,1,0,0,No,No
Noida,India,2022-02,2022,2,0.491439477888491,0.2865709706185549,1,0,0,No,No
Noida,India,2022-03,2022,3,0.3928456845082309,0.03593041748049494,0,0,0,No,No
Noida,India,2022-04,2022,4,0.47098930510648157,-0.9156882944300924,1,0,0,No,No
Noida,India,2022-05,2022,5,0.6282457003917594,-0.795371390273017,1,0,0,No,No
Noida,India,2022-06,2022,6,-0.1387033462648757,-1.2607481858442917,0,0,0,No,No
Noida,India,2022-07,2022,7,-1.1390755928641225,-1.2665464789910694,0,0,0,No,No
Noida,India,2022-08,2022,8,-1.095745428466535,-0.854757192407595,0,0,0,No,No
Noida,India,2022-09,2022,9,-0.6935209986050116,-0.46113662642654285,0,0,0,No,No
Noida,India,2022-10,2022,10,0.01287297941896653,0.31866167056396966,1,0,0,No,No
Noida,India,2022-11,2022,11,0.3057777002461522,1.7085671819045227,2,0,0,No,No
Noida,India,2022-12,2022,12,0.4155772421803861,2.7757946003801055,2,0,1,No,Yes
Noida,India,2023-01,2023,1,0.22399433676761632,1.9072639113386187,2,0,1,No,Yes
Noida,India,2023-02,2023,2,-0.08935152844131536,0.8487235380556302,0,0,0,No,No
Noida,India,2023-03,2023,3,-0.21644373992419702,-0.16272581524986518,0,0,0,No,No
Noida,India,2023-04,2023,4,0.532166278958599,-0.7195035222301516,1,0,0,No,No
Noida,India,2023-05,2023,5,0.3130599135028972,-1.311140064047978,2,0,0,No,No
Noida,India,2023-06,2023,6,-0.40439386567758573,-1.3634378244939807,0,0,0,No,No
Noida,India,2023-07,2023,7,-1.1871785550096967,-0.9050846269689073,0,0,0,No,No
Noida,India,2023-08,2023,8,-0.7397326438684877,-0.7382182725182423,0,0,0,No,No
Noida,India,2023-09,2023,9,-0.6959897745231511,-0.2560401028190345,0,0,0,No,No
Noida,India,2023-10,2023,10,0.34643073785408474,0.2667623734390184,0,0,0,No,No
Noida,India,2023-11,2023,11,0.8497635062158218,0.37263040468743147,2,0,0,No,No
Noida,India,2023-12,2023,12,1.067675334145415,2.0607700008074685,3,1,1,Yes,Yes
Noida,India,2024-01,2024,1,0.9486506195218809,1.1879580979035946,2,0,0,No,No
Noida,India,2024-02,2024,2,0.22653808700617736,0.48723721473335957,0,0,0,No,No
Noida,India,2024-03,2024,3,0.26688601380831034,0.3749310000215836,1,0,0,No,No
Noida,India,2024-04,2024,4,0.44817221658434914,-1.117692171568353,1,0,0,No,No
Noida,India,2024-05,2024,5,0.8779040413022308,-0.32394296657487814,2,0,0,No,No
Noida,India,2024-06,2024,6,0.101530516249148,-0.5131843428407746,0,0,0,No,No
Noida,India,2024-07,2024,7,-1.190943078736956,-1.1006878872156785,0,0,0,No,No
Noida,India,2024-08,2024,8,-1.4037211115103787,-1.0662105632225607,0,0,0,No,No
Noida,India,2024-09,2024,9,-0.9280322214819202,-0.3470807546427696,0,0,0,No,No
Noida,India,2024-10,2024,10,-0.031156226766608654,0.6585365250635804,0,0,0,No,No
Noida,India,2024-11,2024,11,0.5014993259077227,0.6628494643126116,2,0,0,No,No
Noida,India,2024-12,2024,12,0.18267181811605016,1.097286384030271,1,0,0,No,No
Noida,India,2025-01,2025,1,0.3797982586349873,1.143226775486111,1,0,0,No,No
Noida,India,2025-02,2025,2,0.18810263463634197,-0.13476432616817238,0,0,0,No,No
Noida,India,2025-03,2025,3,0.16247077724600945,-0.6463698581623288,1,0,0,No,No
Noida,India,2025-04,2025,4,0.7953305004097139,-0.8663815837086133,3,0,0,No,No
Noida,India,2025-05,2025,5,0.3309174376788813,-0.9727408277390817,1,0,0,No,No
Noida,India,2025-06,2025,6,-0.1878761268478684,-0.5171094028837108,0,0,0,No,No
Noida,India,2025-07,2025,7,-0.9606281847788471,-0.6722831248865986,0,0,0,No,No
Noida,India,2025-08,2025,8,-1.1121931842834296,-0.5689907604774834,0,0,0,No,No
Noida,India,2025-09,2025,9,-0.747293874964029,-0.6082316453282919,0,0,0,No,No
Noida,India,2025-10,2025,10,-0.07524040245325686,0.13316816655566385,0,0,0,No,No
Noida,India,2025-11,2025,11,1.0624833035064953,2.6365734211564424,3,1,1,Yes,Yes
Noida,India,2025-12,2025,12,0.16412886121500742,1.0739031661560468,1,0,0,No,No
Noida,India,2026-01,2026,1,0.04965499052508142,2.089276517416787,2,0,1,No,Yes
Noida,India,2026-02,2026,2,0.1291783257207971,1.222627089930902,0,0,0,No,No
Noida,India,2026-03,2026,3,-0.12170842577973126,0.4407736178705161,0,0,0,No,No
Noida,India,2026-04,2026,4,0.24774717293362453,-0.25012180716921995,0,0,0,No,No
Noida,India,2026-05,2026,5,-0.10928486702725179,-1.9712865385069858,0,0,0,No,No
Noida,India,2026-06,2026,6,-0.19558719637251687,-1.5312688795419978,1,0,0,No,No
