City,Country,date,Year,Month,MPSI,N_elevated,cond1_MPSI,cond2_Nelev,cond3_window,SmogMonth,Formula detected Smog,months_in_year,short_year_flag
Delhi,India,2018-07,2018,7,-0.46229566443003167,1,False,False,False,0,No,6,True
Delhi,India,2018-08,2018,8,-0.6801948255190686,0,False,False,False,0,No,6,True
Delhi,India,2018-09,2018,9,-0.45117523533354575,0,False,False,False,0,No,6,True
Delhi,India,2018-10,2018,10,0.7480618622183627,2,False,True,True,0,No,6,True
Delhi,India,2018-11,2018,11,0.4328793737738194,1,False,False,True,0,No,6,True
Delhi,India,2018-12,2018,12,0.41272448929046607,2,False,True,True,0,No,6,True
Delhi,India,2019-01,2019,1,0.33403923520572726,1,False,False,True,0,No,12,False
Delhi,India,2019-02,2019,2,0.061435867826329225,2,False,True,True,0,No,12,False
Delhi,India,2019-03,2019,3,-0.07702715069880008,0,False,False,False,0,No,12,False
Delhi,India,2019-04,2019,4,0.4532796432876542,1,False,False,False,0,No,12,False
Delhi,India,2019-05,2019,5,0.3840700941932137,1,False,False,False,0,No,12,False
Delhi,India,2019-06,2019,6,0.2661280511244133,1,False,False,False,0,No,12,False
Delhi,India,2019-07,2019,7,-0.49793287556282156,0,False,False,False,0,No,12,False
Delhi,India,2019-08,2019,8,-0.9016735331765766,0,False,False,False,0,No,12,False
Delhi,India,2019-09,2019,9,-0.8711146135163352,0,False,False,False,0,No,12,False
Delhi,India,2019-10,2019,10,0.3102052688913112,1,False,False,True,0,No,12,False
Delhi,India,2019-11,2019,11,-0.6303851446357434,0,False,False,True,0,No,12,False
Delhi,India,2019-12,2019,12,1.1689751570616296,4,True,True,True,1,Yes,12,False
Delhi,India,2020-01,2020,1,0.3030202309084825,2,False,True,True,0,No,12,False
Delhi,India,2020-02,2020,2,0.4404873634958705,1,False,False,True,0,No,12,False
Delhi,India,2020-03,2020,3,0.07875629561747602,1,False,False,False,0,No,12,False
Delhi,India,2020-04,2020,4,-0.053069082049719274,1,False,False,False,0,No,12,False
Delhi,India,2020-05,2020,5,0.2458162790697104,1,False,False,False,0,No,12,False
Delhi,India,2020-06,2020,6,-0.13375722272942864,1,False,False,False,0,No,12,False
Delhi,India,2020-07,2020,7,-1.0263315827731458,0,False,False,False,0,No,12,False
Delhi,India,2020-08,2020,8,-1.1720023398725015,0,False,False,False,0,No,12,False
Delhi,India,2020-09,2020,9,-0.5535298520835962,0,False,False,False,0,No,12,False
Delhi,India,2020-10,2020,10,0.4601409188290768,2,False,True,True,0,No,12,False
Delhi,India,2020-11,2020,11,0.9134289570391718,4,False,True,True,0,No,12,False
Delhi,India,2020-12,2020,12,0.49704003454860385,2,False,True,True,0,No,12,False
Delhi,India,2021-01,2021,1,-0.32229594232695546,1,False,False,True,0,No,12,False
Delhi,India,2021-02,2021,2,0.35448290991745524,2,False,True,True,0,No,12,False
Delhi,India,2021-03,2021,3,-0.0651921676506753,0,False,False,False,0,No,12,False
Delhi,India,2021-04,2021,4,0.4028957106272476,1,False,False,False,0,No,12,False
Delhi,India,2021-05,2021,5,-0.17760240365577143,1,False,False,False,0,No,12,False
Delhi,India,2021-06,2021,6,-0.37185269334916293,0,False,False,False,0,No,12,False
Delhi,India,2021-07,2021,7,-0.5443859127160023,0,False,False,False,0,No,12,False
Delhi,India,2021-08,2021,8,-0.5727664349209319,0,False,False,False,0,No,12,False
Delhi,India,2021-09,2021,9,-0.7149525454135678,0,False,False,False,0,No,12,False
Delhi,India,2021-10,2021,10,0.10188247602481856,1,False,False,True,0,No,12,False
Delhi,India,2021-11,2021,11,1.1165264019245371,4,True,True,True,1,Yes,12,False
Delhi,India,2021-12,2021,12,0.7932606015390136,2,False,True,True,0,No,12,False
Delhi,India,2022-01,2022,1,0.5785579996731836,2,False,True,True,0,No,12,False
Delhi,India,2022-02,2022,2,0.41252948439373177,1,False,False,True,0,No,12,False
Delhi,India,2022-03,2022,3,0.34190175329582717,0,False,False,False,0,No,12,False
Delhi,India,2022-04,2022,4,0.5142980905120196,2,False,True,False,0,No,12,False
Delhi,India,2022-05,2022,5,0.6961457839098,2,False,True,False,0,No,12,False
Delhi,India,2022-06,2022,6,0.0004273429766851633,0,False,False,False,0,No,12,False
Delhi,India,2022-07,2022,7,-1.073672753249514,0,False,False,False,0,No,12,False
Delhi,India,2022-08,2022,8,-1.1327826432154124,0,False,False,False,0,No,12,False
Delhi,India,2022-09,2022,9,-0.6466671087109986,0,False,False,False,0,No,12,False
Delhi,India,2022-10,2022,10,0.0010480319375398284,1,False,False,True,0,No,12,False
Delhi,India,2022-11,2022,11,0.009772772129629775,0,False,False,True,0,No,12,False
Delhi,India,2022-12,2022,12,0.298441246347508,2,False,True,True,0,No,12,False
Delhi,India,2023-01,2023,1,0.2447649307070363,2,False,True,True,0,No,12,False
Delhi,India,2023-02,2023,2,0.03951511221610341,0,False,False,True,0,No,12,False
Delhi,India,2023-03,2023,3,-0.10947400329200496,0,False,False,False,0,No,12,False
Delhi,India,2023-04,2023,4,0.5300197868100887,1,False,False,False,0,No,12,False
Delhi,India,2023-05,2023,5,0.3007494549649969,2,False,True,False,0,No,12,False
Delhi,India,2023-06,2023,6,-0.513348855328674,0,False,False,False,0,No,12,False
Delhi,India,2023-07,2023,7,-1.1757018186233061,0,False,False,False,0,No,12,False
Delhi,India,2023-08,2023,8,-0.6403562238245167,0,False,False,False,0,No,12,False
Delhi,India,2023-09,2023,9,-0.6223896989068101,0,False,False,False,0,No,12,False
Delhi,India,2023-10,2023,10,0.2082384049536868,0,False,False,True,0,No,12,False
Delhi,India,2023-11,2023,11,0.6938810329290334,2,False,True,True,0,No,12,False
Delhi,India,2023-12,2023,12,1.0441018773943702,3,True,True,True,1,Yes,12,False
Delhi,India,2024-01,2024,1,1.0665884762291318,2,True,True,True,1,Yes,12,False
Delhi,India,2024-02,2024,2,0.20089149115486213,1,False,False,True,0,No,12,False
Delhi,India,2024-03,2024,3,0.29813486877969314,1,False,False,False,0,No,12,False
Delhi,India,2024-04,2024,4,0.44742462519303994,1,False,False,False,0,No,12,False
Delhi,India,2024-05,2024,5,0.8025727740246144,2,False,True,False,0,No,12,False
Delhi,India,2024-06,2024,6,-0.16506120755922357,0,False,False,False,0,No,12,False
Delhi,India,2024-07,2024,7,-1.1837442776542797,0,False,False,False,0,No,12,False
Delhi,India,2024-08,2024,8,-1.1696378783604824,0,False,False,False,0,No,12,False
Delhi,India,2024-09,2024,9,-0.8396592859861158,0,False,False,False,0,No,12,False
Delhi,India,2024-10,2024,10,-0.09452172164970901,0,False,False,True,0,No,12,False
Delhi,India,2024-11,2024,11,0.3687759395195117,2,False,True,True,0,No,12,False
Delhi,India,2024-12,2024,12,0.2682361963089586,1,False,False,True,0,No,12,False
Delhi,India,2025-01,2025,1,0.7173989760167092,3,False,True,True,0,No,12,False
Delhi,India,2025-02,2025,2,0.23180117397174538,0,False,False,True,0,No,12,False
Delhi,India,2025-03,2025,3,0.2183636302564957,1,False,False,False,0,No,12,False
Delhi,India,2025-04,2025,4,0.7997568889357695,3,False,True,False,0,No,12,False
Delhi,India,2025-05,2025,5,0.36056352093097493,1,False,False,False,0,No,12,False
Delhi,India,2025-06,2025,6,-0.09927648360546697,0,False,False,False,0,No,12,False
Delhi,India,2025-07,2025,7,-0.9947780112105697,0,False,False,False,0,No,12,False
Delhi,India,2025-08,2025,8,-1.1375420394120452,0,False,False,False,0,No,12,False
Delhi,India,2025-09,2025,9,-0.890637716922351,0,False,False,False,0,No,12,False
Delhi,India,2025-10,2025,10,-0.014790074461533426,0,False,False,True,0,No,12,False
Delhi,India,2025-11,2025,11,0.8706958096328463,3,False,True,True,0,No,12,False
Delhi,India,2025-12,2025,12,-0.061555674132578564,1,False,False,True,0,No,12,False
Delhi,India,2026-01,2026,1,0.10284973019895313,1,False,False,True,0,No,6,True
Delhi,India,2026-02,2026,2,0.018527749786081536,0,False,False,True,0,No,6,True
Delhi,India,2026-03,2026,3,-0.1357635047953363,0,False,False,False,0,No,6,True
Delhi,India,2026-04,2026,4,0.02588362127220235,0,False,False,False,0,No,6,True
Delhi,India,2026-05,2026,5,-0.015653494130875023,0,False,False,False,0,No,6,True
Delhi,India,2026-06,2026,6,0.004155897668976572,1,False,False,False,0,No,6,True
Dhaka,Bangladesh,2018-07,2018,7,-0.46318345542671613,1,False,False,False,0,No,6,True
Dhaka,Bangladesh,2018-08,2018,8,-0.5400073122594397,0,False,False,False,0,No,6,True
Dhaka,Bangladesh,2018-09,2018,9,-0.4889764493586279,0,False,False,False,0,No,6,True
Dhaka,Bangladesh,2018-10,2018,10,0.2063825038599199,0,False,False,True,0,No,6,True
Dhaka,Bangladesh,2018-11,2018,11,1.0693863757348985,4,True,True,True,1,Yes,6,True
Dhaka,Bangladesh,2018-12,2018,12,0.21639833744996348,2,False,True,True,0,No,6,True
Dhaka,Bangladesh,2019-01,2019,1,0.7402646887701338,3,False,True,True,0,No,12,False
Dhaka,Bangladesh,2019-02,2019,2,0.17918565560557917,1,False,False,True,0,No,12,False
Dhaka,Bangladesh,2019-03,2019,3,0.6268988307297164,1,False,False,False,0,No,12,False
Dhaka,Bangladesh,2019-04,2019,4,0.4685564778319419,0,False,False,False,0,No,12,False
Dhaka,Bangladesh,2019-05,2019,5,0.46462256896530213,2,False,True,False,0,No,12,False
Dhaka,Bangladesh,2019-06,2019,6,-0.20876265590271625,1,False,False,False,0,No,12,False
Dhaka,Bangladesh,2019-07,2019,7,-0.6874742495023026,0,False,False,False,0,No,12,False
Dhaka,Bangladesh,2019-08,2019,8,-1.0647219113768922,0,False,False,False,0,No,12,False
Dhaka,Bangladesh,2019-09,2019,9,-0.4768159336845585,0,False,False,False,0,No,12,False
Dhaka,Bangladesh,2019-10,2019,10,-0.12906028601440428,0,False,False,True,0,No,12,False
Dhaka,Bangladesh,2019-11,2019,11,-0.118587435037444,1,False,False,True,0,No,12,False
Dhaka,Bangladesh,2019-12,2019,12,0.20589424961564712,0,False,False,True,0,No,12,False
Dhaka,Bangladesh,2020-01,2020,1,0.25167692647327294,1,False,False,True,0,No,12,False
Dhaka,Bangladesh,2020-02,2020,2,0.8502587643683623,1,False,False,True,0,No,12,False
Dhaka,Bangladesh,2020-03,2020,3,0.7287496443844735,2,False,True,False,0,No,12,False
Dhaka,Bangladesh,2020-04,2020,4,0.6323687711297399,2,False,True,False,0,No,12,False
Dhaka,Bangladesh,2020-05,2020,5,0.18371790544902739,1,False,False,False,0,No,12,False
Dhaka,Bangladesh,2020-06,2020,6,-0.7053544153600714,0,False,False,False,0,No,12,False
Dhaka,Bangladesh,2020-07,2020,7,-0.9906667941757247,0,False,False,False,0,No,12,False
Dhaka,Bangladesh,2020-08,2020,8,-0.8283675588367384,0,False,False,False,0,No,12,False
Dhaka,Bangladesh,2020-09,2020,9,-0.5895573995215969,0,False,False,False,0,No,12,False
Dhaka,Bangladesh,2020-10,2020,10,-0.36200364083493675,1,False,False,True,0,No,12,False
Dhaka,Bangladesh,2020-11,2020,11,0.3758817228256063,1,False,False,True,0,No,12,False
Dhaka,Bangladesh,2020-12,2020,12,0.4532960740985798,2,False,True,True,0,No,12,False
Dhaka,Bangladesh,2021-01,2021,1,0.001762688949535507,2,False,True,True,0,No,12,False
Dhaka,Bangladesh,2021-02,2021,2,0.6546423901227783,1,False,False,True,0,No,12,False
Dhaka,Bangladesh,2021-03,2021,3,0.7134712925945139,2,False,True,False,0,No,12,False
Dhaka,Bangladesh,2021-04,2021,4,0.6411056004418304,3,False,True,False,0,No,12,False
Dhaka,Bangladesh,2021-05,2021,5,-0.3363605593377148,1,False,False,False,0,No,12,False
Dhaka,Bangladesh,2021-06,2021,6,-0.733267696016932,0,False,False,False,0,No,12,False
Dhaka,Bangladesh,2021-07,2021,7,-0.7327816994254464,0,False,False,False,0,No,12,False
Dhaka,Bangladesh,2021-08,2021,8,-0.599909105848843,0,False,False,False,0,No,12,False
Dhaka,Bangladesh,2021-09,2021,9,-0.3509296054580861,0,False,False,False,0,No,12,False
Dhaka,Bangladesh,2021-10,2021,10,0.01140118818777749,0,False,False,True,0,No,12,False
Dhaka,Bangladesh,2021-11,2021,11,0.4773546051658796,2,False,True,True,0,No,12,False
Dhaka,Bangladesh,2021-12,2021,12,0.25351090062470905,1,False,False,True,0,No,12,False
Dhaka,Bangladesh,2022-01,2022,1,0.4620200132403148,2,False,True,True,0,No,12,False
Dhaka,Bangladesh,2022-02,2022,2,0.773093367478883,1,False,False,True,0,No,12,False
Dhaka,Bangladesh,2022-03,2022,3,1.0272409774155493,3,True,True,False,0,No,12,False
Dhaka,Bangladesh,2022-04,2022,4,0.7957384187734773,2,False,True,False,0,No,12,False
Dhaka,Bangladesh,2022-05,2022,5,0.12439303528437207,1,False,False,False,0,No,12,False
Dhaka,Bangladesh,2022-06,2022,6,-0.33859268963332106,1,False,False,False,0,No,12,False
Dhaka,Bangladesh,2022-07,2022,7,-0.9003114236858389,0,False,False,False,0,No,12,False
Dhaka,Bangladesh,2022-08,2022,8,-1.00724593220179,0,False,False,False,0,No,12,False
Dhaka,Bangladesh,2022-09,2022,9,-0.6868778126971403,0,False,False,False,0,No,12,False
Dhaka,Bangladesh,2022-10,2022,10,-0.4780631933931536,0,False,False,True,0,No,12,False
Dhaka,Bangladesh,2022-11,2022,11,0.07764842148754891,1,False,False,True,0,No,12,False
Dhaka,Bangladesh,2022-12,2022,12,0.15095681793109567,1,False,False,True,0,No,12,False
Dhaka,Bangladesh,2023-01,2023,1,0.6948974744116493,3,False,True,True,0,No,12,False
Dhaka,Bangladesh,2023-02,2023,2,0.8410627634264894,3,False,True,True,0,No,12,False
Dhaka,Bangladesh,2023-03,2023,3,0.3879056283859311,1,False,False,False,0,No,12,False
Dhaka,Bangladesh,2023-04,2023,4,0.6129416151830169,1,False,False,False,0,No,12,False
Dhaka,Bangladesh,2023-05,2023,5,0.37663415871092837,1,False,False,False,0,No,12,False
Dhaka,Bangladesh,2023-06,2023,6,-0.4813749953663861,1,False,False,False,0,No,12,False
Dhaka,Bangladesh,2023-07,2023,7,-1.0450364282743174,0,False,False,False,0,No,12,False
Dhaka,Bangladesh,2023-08,2023,8,-0.7996750017704641,0,False,False,False,0,No,12,False
Dhaka,Bangladesh,2023-09,2023,9,-0.7110747393030533,0,False,False,False,0,No,12,False
Dhaka,Bangladesh,2023-10,2023,10,-0.2609189537506997,0,False,False,True,0,No,12,False
Dhaka,Bangladesh,2023-11,2023,11,0.15031202156917753,1,False,False,True,0,No,12,False
Dhaka,Bangladesh,2023-12,2023,12,0.2343264567777262,1,False,False,True,0,No,12,False
Dhaka,Bangladesh,2024-01,2024,1,0.740798550289161,1,False,False,True,0,No,12,False
Dhaka,Bangladesh,2024-02,2024,2,0.4392038806845444,1,False,False,True,0,No,12,False
Dhaka,Bangladesh,2024-03,2024,3,0.6084710180790647,1,False,False,False,0,No,12,False
Dhaka,Bangladesh,2024-04,2024,4,0.9392866954293655,4,False,True,False,0,No,12,False
Dhaka,Bangladesh,2024-05,2024,5,0.4563154858453835,1,False,False,False,0,No,12,False
Dhaka,Bangladesh,2024-06,2024,6,-0.39274620679073524,0,False,False,False,0,No,12,False
Dhaka,Bangladesh,2024-07,2024,7,-1.049913112133984,0,False,False,False,0,No,12,False
Dhaka,Bangladesh,2024-08,2024,8,-1.0356530124402088,0,False,False,False,0,No,12,False
Dhaka,Bangladesh,2024-09,2024,9,-0.7525731537179159,0,False,False,False,0,No,12,False
Dhaka,Bangladesh,2024-10,2024,10,-0.4134352842523622,0,False,False,True,0,No,12,False
Dhaka,Bangladesh,2024-11,2024,11,0.10085653962210121,1,False,False,True,0,No,12,False
Dhaka,Bangladesh,2024-12,2024,12,0.359388599385585,1,False,False,True,0,No,12,False
Dhaka,Bangladesh,2025-01,2025,1,0.6165940716379451,2,False,True,True,0,No,12,False
Dhaka,Bangladesh,2025-02,2025,2,0.8161420127265222,2,False,True,True,0,No,12,False
Dhaka,Bangladesh,2025-03,2025,3,0.9788048725842102,3,False,True,False,0,No,12,False
Dhaka,Bangladesh,2025-04,2025,4,0.7088189559992324,2,False,True,False,0,No,12,False
Dhaka,Bangladesh,2025-05,2025,5,0.1101991916151761,1,False,False,False,0,No,12,False
Dhaka,Bangladesh,2025-06,2025,6,-0.6802088298701137,0,False,False,False,0,No,12,False
Dhaka,Bangladesh,2025-07,2025,7,-0.6737328191833857,0,False,False,False,0,No,12,False
Dhaka,Bangladesh,2025-08,2025,8,-0.8274207138838328,0,False,False,False,0,No,12,False
Dhaka,Bangladesh,2025-09,2025,9,-0.8228312719802524,0,False,False,False,0,No,12,False
Dhaka,Bangladesh,2025-10,2025,10,-0.3082859595392987,0,False,False,True,0,No,12,False
Dhaka,Bangladesh,2025-11,2025,11,-0.10771785693604352,1,False,False,True,0,No,12,False
Dhaka,Bangladesh,2025-12,2025,12,0.18963834682983735,2,False,True,True,0,No,12,False
Dhaka,Bangladesh,2026-01,2026,1,0.4204876289504327,2,False,True,True,0,No,6,True
Dhaka,Bangladesh,2026-02,2026,2,0.4242456274975647,0,False,False,True,0,No,6,True
Dhaka,Bangladesh,2026-03,2026,3,0.20977937923745066,1,False,False,False,0,No,6,True
Dhaka,Bangladesh,2026-04,2026,4,0.21627769456757293,1,False,False,False,0,No,6,True
Dhaka,Bangladesh,2026-05,2026,5,-0.7741685060162912,1,False,False,False,0,No,6,True
Dhaka,Bangladesh,2026-06,2026,6,-0.49662182423673207,0,False,False,False,0,No,6,True
Dushanbe,Tajikistan,2018-07,2018,7,-0.22669647053061487,1,False,False,False,0,No,6,True
Dushanbe,Tajikistan,2018-08,2018,8,-0.2030994818785377,1,False,False,False,0,No,6,True
Dushanbe,Tajikistan,2018-09,2018,9,-0.48678245326211006,0,False,False,False,0,No,6,True
Dushanbe,Tajikistan,2018-10,2018,10,-0.1124554061276956,0,False,False,True,0,No,6,True
Dushanbe,Tajikistan,2018-11,2018,11,0.12664582446765177,2,False,True,True,0,No,6,True
Dushanbe,Tajikistan,2018-12,2018,12,0.9023879873313057,3,False,True,True,0,No,6,True
Dushanbe,Tajikistan,2019-01,2019,1,0.34296938543706174,1,False,False,True,0,No,12,False
Dushanbe,Tajikistan,2019-02,2019,2,0.49378735338716007,2,False,True,True,0,No,12,False
Dushanbe,Tajikistan,2019-03,2019,3,-0.036537529414596114,1,False,False,False,0,No,12,False
Dushanbe,Tajikistan,2019-04,2019,4,-0.42070335256796215,0,False,False,False,0,No,12,False
Dushanbe,Tajikistan,2019-05,2019,5,-0.23892638245846518,0,False,False,False,0,No,12,False
Dushanbe,Tajikistan,2019-06,2019,6,-0.44474030365556033,0,False,False,False,0,No,12,False
Dushanbe,Tajikistan,2019-07,2019,7,-0.10982378396524721,1,False,False,False,0,No,12,False
Dushanbe,Tajikistan,2019-08,2019,8,0.14890013803413313,1,False,False,False,0,No,12,False
Dushanbe,Tajikistan,2019-09,2019,9,-0.4531648710824984,1,False,False,False,0,No,12,False
Dushanbe,Tajikistan,2019-10,2019,10,-0.5688064086387861,0,False,False,True,0,No,12,False
Dushanbe,Tajikistan,2019-11,2019,11,0.7566265521904131,1,False,False,True,0,No,12,False
Dushanbe,Tajikistan,2019-12,2019,12,0.5304192027343555,2,False,True,True,0,No,12,False
Dushanbe,Tajikistan,2020-01,2020,1,1.4449072542296881,4,True,True,True,1,Yes,12,False
Dushanbe,Tajikistan,2020-02,2020,2,0.11531090839555799,1,False,False,True,0,No,12,False
Dushanbe,Tajikistan,2020-03,2020,3,-0.20056721031212765,1,False,False,False,0,No,12,False
Dushanbe,Tajikistan,2020-04,2020,4,-0.1647737579596833,0,False,False,False,0,No,12,False
Dushanbe,Tajikistan,2020-05,2020,5,-0.4749352323490032,0,False,False,False,0,No,12,False
Dushanbe,Tajikistan,2020-06,2020,6,-0.5721410831975817,0,False,False,False,0,No,12,False
Dushanbe,Tajikistan,2020-07,2020,7,-0.796315985308176,0,False,False,False,0,No,12,False
Dushanbe,Tajikistan,2020-08,2020,8,-0.4212356812191314,1,False,False,False,0,No,12,False
Dushanbe,Tajikistan,2020-09,2020,9,0.042532961738507694,1,False,False,False,0,No,12,False
Dushanbe,Tajikistan,2020-10,2020,10,0.06181418181557359,0,False,False,True,0,No,12,False
Dushanbe,Tajikistan,2020-11,2020,11,0.3047666586216775,1,False,False,True,0,No,12,False
Dushanbe,Tajikistan,2020-12,2020,12,0.6606369855446991,1,False,False,True,0,No,12,False
Dushanbe,Tajikistan,2021-01,2021,1,0.7464070846484089,2,False,True,True,0,No,12,False
Dushanbe,Tajikistan,2021-02,2021,2,-0.1211274442526993,0,False,False,True,0,No,12,False
Dushanbe,Tajikistan,2021-03,2021,3,0.09863369738932067,1,False,False,False,0,No,12,False
Dushanbe,Tajikistan,2021-04,2021,4,-0.2994933594560824,0,False,False,False,0,No,12,False
Dushanbe,Tajikistan,2021-05,2021,5,-0.759501347592707,0,False,False,False,0,No,12,False
Dushanbe,Tajikistan,2021-06,2021,6,-0.7488366208967744,0,False,False,False,0,No,12,False
Dushanbe,Tajikistan,2021-07,2021,7,-0.45092053301465906,1,False,False,False,0,No,12,False
Dushanbe,Tajikistan,2021-08,2021,8,0.26255941966416646,2,False,True,False,0,No,12,False
Dushanbe,Tajikistan,2021-09,2021,9,-0.21777710223315427,1,False,False,False,0,No,12,False
Dushanbe,Tajikistan,2021-10,2021,10,0.08916934698105702,0,False,False,True,0,No,12,False
Dushanbe,Tajikistan,2021-11,2021,11,0.5998859078427478,2,False,True,True,0,No,12,False
Dushanbe,Tajikistan,2021-12,2021,12,0.8010009509203734,2,False,True,True,0,No,12,False
Dushanbe,Tajikistan,2022-01,2022,1,0.6218313755021369,2,False,True,True,0,No,12,False
Dushanbe,Tajikistan,2022-02,2022,2,0.6059860048793885,2,False,True,True,0,No,12,False
Dushanbe,Tajikistan,2022-03,2022,3,-0.05456070889840521,1,False,False,False,0,No,12,False
Dushanbe,Tajikistan,2022-04,2022,4,-0.1445818219834635,0,False,False,False,0,No,12,False
Dushanbe,Tajikistan,2022-05,2022,5,-0.4331491949742624,0,False,False,False,0,No,12,False
Dushanbe,Tajikistan,2022-06,2022,6,-0.27626566680447145,0,False,False,False,0,No,12,False
Dushanbe,Tajikistan,2022-07,2022,7,-0.04059629299710834,1,False,False,False,0,No,12,False
Dushanbe,Tajikistan,2022-08,2022,8,-0.24237360646134132,1,False,False,False,0,No,12,False
Dushanbe,Tajikistan,2022-09,2022,9,-0.3764537892181075,1,False,False,False,0,No,12,False
Dushanbe,Tajikistan,2022-10,2022,10,-0.6669111853500745,0,False,False,True,0,No,12,False
Dushanbe,Tajikistan,2022-11,2022,11,-0.25693649850559425,1,False,False,True,0,No,12,False
Dushanbe,Tajikistan,2022-12,2022,12,1.2640113848113002,3,True,True,True,1,Yes,12,False
Dushanbe,Tajikistan,2023-01,2023,1,1.4786548363975838,4,True,True,True,1,Yes,12,False
Dushanbe,Tajikistan,2023-02,2023,2,-0.26405296925200766,1,False,False,True,0,No,12,False
Dushanbe,Tajikistan,2023-03,2023,3,-0.7307159436347559,0,False,False,False,0,No,12,False
Dushanbe,Tajikistan,2023-04,2023,4,-0.3642798804508181,0,False,False,False,0,No,12,False
Dushanbe,Tajikistan,2023-05,2023,5,-0.17748304943318746,0,False,False,False,0,No,12,False
Dushanbe,Tajikistan,2023-06,2023,6,-0.16646435510690377,1,False,False,False,0,No,12,False
Dushanbe,Tajikistan,2023-07,2023,7,-0.03808460514442711,1,False,False,False,0,No,12,False
Dushanbe,Tajikistan,2023-08,2023,8,-0.22748980075105835,1,False,False,False,0,No,12,False
Dushanbe,Tajikistan,2023-09,2023,9,-0.35322227310565263,0,False,False,False,0,No,12,False
Dushanbe,Tajikistan,2023-10,2023,10,-0.18780083473533044,0,False,False,True,0,No,12,False
Dushanbe,Tajikistan,2023-11,2023,11,-1.0929187643704541e-05,1,False,False,True,0,No,12,False
Dushanbe,Tajikistan,2023-12,2023,12,1.0309498044042054,3,True,True,True,1,Yes,12,False
Dushanbe,Tajikistan,2024-01,2024,1,0.880280828331457,3,False,True,True,0,No,12,False
Dushanbe,Tajikistan,2024-02,2024,2,0.839121574030216,2,False,True,True,0,No,12,False
Dushanbe,Tajikistan,2024-03,2024,3,0.16231243964366118,1,False,False,False,0,No,12,False
Dushanbe,Tajikistan,2024-04,2024,4,-0.23479042587162055,1,False,False,False,0,No,12,False
Dushanbe,Tajikistan,2024-05,2024,5,-0.5074141163489005,0,False,False,False,0,No,12,False
Dushanbe,Tajikistan,2024-06,2024,6,-0.37024358576146843,0,False,False,False,0,No,12,False
Dushanbe,Tajikistan,2024-07,2024,7,-0.33789330411042906,1,False,False,False,0,No,12,False
Dushanbe,Tajikistan,2024-08,2024,8,-0.04585493565940326,1,False,False,False,0,No,12,False
Dushanbe,Tajikistan,2024-09,2024,9,-0.14687959302267312,1,False,False,False,0,No,12,False
Dushanbe,Tajikistan,2024-10,2024,10,-0.6763129648815696,0,False,False,True,0,No,12,False
Dushanbe,Tajikistan,2024-11,2024,11,-0.5651399707058171,0,False,False,True,0,No,12,False
Dushanbe,Tajikistan,2024-12,2024,12,1.0028140543565462,2,True,True,True,1,Yes,12,False
Dushanbe,Tajikistan,2025-01,2025,1,1.0733766232529087,4,True,True,True,1,Yes,12,False
Dushanbe,Tajikistan,2025-02,2025,2,0.15095578956732197,2,False,True,True,0,No,12,False
Dushanbe,Tajikistan,2025-03,2025,3,-0.33585665487836974,1,False,False,False,0,No,12,False
Dushanbe,Tajikistan,2025-04,2025,4,-0.41414606061899883,0,False,False,False,0,No,12,False
Dushanbe,Tajikistan,2025-05,2025,5,-0.36564079188344356,0,False,False,False,0,No,12,False
Dushanbe,Tajikistan,2025-06,2025,6,-0.09690994306504752,0,False,False,False,0,No,12,False
Dushanbe,Tajikistan,2025-07,2025,7,-0.0009944709987382617,1,False,False,False,0,No,12,False
Dushanbe,Tajikistan,2025-08,2025,8,0.22813216377272044,2,False,True,False,0,No,12,False
Dushanbe,Tajikistan,2025-09,2025,9,-0.2853246008857255,0,False,False,False,0,No,12,False
Dushanbe,Tajikistan,2025-10,2025,10,-0.6347353701896014,0,False,False,True,0,No,12,False
Dushanbe,Tajikistan,2025-11,2025,11,0.5739925416277568,2,False,True,True,0,No,12,False
Dushanbe,Tajikistan,2025-12,2025,12,0.10715077429921675,1,False,False,True,0,No,12,False
Dushanbe,Tajikistan,2026-01,2026,1,1.6583662281184552,4,True,True,True,1,Yes,6,True
Dushanbe,Tajikistan,2026-02,2026,2,-0.054983297229434035,0,False,False,True,0,No,6,True
Dushanbe,Tajikistan,2026-03,2026,3,-0.483862257265235,0,False,False,False,0,No,6,True
Dushanbe,Tajikistan,2026-04,2026,4,-0.4537062618719365,0,False,False,False,0,No,6,True
Dushanbe,Tajikistan,2026-05,2026,5,-0.2906056276423903,1,False,False,False,0,No,6,True
Dushanbe,Tajikistan,2026-06,2026,6,-0.375208784109461,1,False,False,False,0,No,6,True
Faisalabad,Pakistan,2018-07,2018,7,-0.14129665413721504,1,False,False,False,0,No,6,True
Faisalabad,Pakistan,2018-08,2018,8,-0.3359139176390076,0,False,False,False,0,No,6,True
Faisalabad,Pakistan,2018-09,2018,9,-0.4131270014507143,0,False,False,False,0,No,6,True
Faisalabad,Pakistan,2018-10,2018,10,0.541836772557611,0,False,False,True,0,No,6,True
Faisalabad,Pakistan,2018-11,2018,11,-0.05101145288434056,1,False,False,True,0,No,6,True
Faisalabad,Pakistan,2018-12,2018,12,0.39951225355367026,3,False,True,True,0,No,6,True
Faisalabad,Pakistan,2019-01,2019,1,0.6365575245340891,2,False,True,True,0,No,12,False
Faisalabad,Pakistan,2019-02,2019,2,-0.4156420545803699,0,False,False,True,0,No,12,False
Faisalabad,Pakistan,2019-03,2019,3,-0.32812658049403665,0,False,False,False,0,No,12,False
Faisalabad,Pakistan,2019-04,2019,4,-0.045361207276845825,0,False,False,False,0,No,12,False
Faisalabad,Pakistan,2019-05,2019,5,0.8813917933330799,2,False,True,False,0,No,12,False
Faisalabad,Pakistan,2019-06,2019,6,0.7654002227828066,2,False,True,False,0,No,12,False
Faisalabad,Pakistan,2019-07,2019,7,-0.5728777548595386,0,False,False,False,0,No,12,False
Faisalabad,Pakistan,2019-08,2019,8,-0.7421470752067856,0,False,False,False,0,No,12,False
Faisalabad,Pakistan,2019-09,2019,9,-0.5783360377333537,0,False,False,False,0,No,12,False
Faisalabad,Pakistan,2019-10,2019,10,-0.20488148268828352,1,False,False,True,0,No,12,False
Faisalabad,Pakistan,2019-11,2019,11,-0.6659365372727538,0,False,False,True,0,No,12,False
Faisalabad,Pakistan,2019-12,2019,12,1.269959189462005,3,True,True,True,1,Yes,12,False
Faisalabad,Pakistan,2020-01,2020,1,0.3645179016562087,2,False,True,True,0,No,12,False
Faisalabad,Pakistan,2020-02,2020,2,0.21554717727520253,1,False,False,True,0,No,12,False
Faisalabad,Pakistan,2020-03,2020,3,-0.2762379562879221,1,False,False,False,0,No,12,False
Faisalabad,Pakistan,2020-04,2020,4,-0.16850889485157552,1,False,False,False,0,No,12,False
Faisalabad,Pakistan,2020-05,2020,5,0.3970323445782117,1,False,False,False,0,No,12,False
Faisalabad,Pakistan,2020-06,2020,6,0.10338847735330017,1,False,False,False,0,No,12,False
Faisalabad,Pakistan,2020-07,2020,7,-0.6444734352762131,0,False,False,False,0,No,12,False
Faisalabad,Pakistan,2020-08,2020,8,-1.2470952664435562,0,False,False,False,0,No,12,False
Faisalabad,Pakistan,2020-09,2020,9,-0.5140759881596243,0,False,False,False,0,No,12,False
Faisalabad,Pakistan,2020-10,2020,10,0.03526459830037978,1,False,False,True,0,No,12,False
Faisalabad,Pakistan,2020-11,2020,11,0.8099468025072649,3,False,True,True,0,No,12,False
Faisalabad,Pakistan,2020-12,2020,12,0.924694239348322,2,False,True,True,0,No,12,False
Faisalabad,Pakistan,2021-01,2021,1,0.17124938066219614,1,False,False,True,0,No,12,False
Faisalabad,Pakistan,2021-02,2021,2,-0.11900975767235691,1,False,False,True,0,No,12,False
Faisalabad,Pakistan,2021-03,2021,3,-0.4384848160814448,1,False,False,False,0,No,12,False
Faisalabad,Pakistan,2021-04,2021,4,0.052898497131822306,1,False,False,False,0,No,12,False
Faisalabad,Pakistan,2021-05,2021,5,0.03225826421867504,1,False,False,False,0,No,12,False
Faisalabad,Pakistan,2021-06,2021,6,-0.29380044872320443,0,False,False,False,0,No,12,False
Faisalabad,Pakistan,2021-07,2021,7,-0.4018385606229963,0,False,False,False,0,No,12,False
Faisalabad,Pakistan,2021-08,2021,8,-0.194972279037468,0,False,False,False,0,No,12,False
Faisalabad,Pakistan,2021-09,2021,9,-0.7058903799545244,0,False,False,False,0,No,12,False
Faisalabad,Pakistan,2021-10,2021,10,-0.05358156555868465,1,False,False,True,0,No,12,False
Faisalabad,Pakistan,2021-11,2021,11,0.7120423555793451,3,False,True,True,0,No,12,False
Faisalabad,Pakistan,2021-12,2021,12,1.239129310058642,2,True,True,True,1,Yes,12,False
Faisalabad,Pakistan,2022-01,2022,1,0.7494809037823951,2,False,True,True,0,No,12,False
Faisalabad,Pakistan,2022-02,2022,2,0.6567681238965699,3,False,True,True,0,No,12,False
Faisalabad,Pakistan,2022-03,2022,3,0.4424947900602006,1,False,False,False,0,No,12,False
Faisalabad,Pakistan,2022-04,2022,4,0.639765392451021,1,False,False,False,0,No,12,False
Faisalabad,Pakistan,2022-05,2022,5,0.7015346045490944,1,False,False,False,0,No,12,False
Faisalabad,Pakistan,2022-06,2022,6,0.22448385925139852,1,False,False,False,0,No,12,False
Faisalabad,Pakistan,2022-07,2022,7,-1.0183295283204619,0,False,False,False,0,No,12,False
Faisalabad,Pakistan,2022-08,2022,8,-1.2756572612262467,0,False,False,False,0,No,12,False
Faisalabad,Pakistan,2022-09,2022,9,-0.7623121945044281,0,False,False,False,0,No,12,False
Faisalabad,Pakistan,2022-10,2022,10,-0.27260493967970933,0,False,False,True,0,No,12,False
Faisalabad,Pakistan,2022-11,2022,11,-0.19670060280902585,0,False,False,True,0,No,12,False
Faisalabad,Pakistan,2022-12,2022,12,0.1110768525491983,1,False,False,True,0,No,12,False
Faisalabad,Pakistan,2023-01,2023,1,0.2527101826948415,2,False,True,True,0,No,12,False
Faisalabad,Pakistan,2023-02,2023,2,-0.41166284437773293,0,False,False,True,0,No,12,False
Faisalabad,Pakistan,2023-03,2023,3,-0.7928836168886004,0,False,False,False,0,No,12,False
Faisalabad,Pakistan,2023-04,2023,4,0.20351389506870352,1,False,False,False,0,No,12,False
Faisalabad,Pakistan,2023-05,2023,5,0.46723691266414946,2,False,True,False,0,No,12,False
Faisalabad,Pakistan,2023-06,2023,6,-0.10228259025651268,0,False,False,False,0,No,12,False
Faisalabad,Pakistan,2023-07,2023,7,-0.8149472475106322,0,False,False,False,0,No,12,False
Faisalabad,Pakistan,2023-08,2023,8,-0.3326172653906928,1,False,False,False,0,No,12,False
Faisalabad,Pakistan,2023-09,2023,9,-0.5297892473119088,0,False,False,False,0,No,12,False
Faisalabad,Pakistan,2023-10,2023,10,0.13173854253117284,1,False,False,True,0,No,12,False
Faisalabad,Pakistan,2023-11,2023,11,0.8504836964582589,1,False,False,True,0,No,12,False
Faisalabad,Pakistan,2023-12,2023,12,1.0784995823189547,2,True,True,True,1,Yes,12,False
Faisalabad,Pakistan,2024-01,2024,1,1.064965457646505,2,True,True,True,1,Yes,12,False
Faisalabad,Pakistan,2024-02,2024,2,-0.007353879221333748,1,False,False,True,0,No,12,False
Faisalabad,Pakistan,2024-03,2024,3,-0.2995873635586936,0,False,False,False,0,No,12,False
Faisalabad,Pakistan,2024-04,2024,4,0.20128244141486512,1,False,False,False,0,No,12,False
Faisalabad,Pakistan,2024-05,2024,5,0.5854020270469243,2,False,True,False,0,No,12,False
Faisalabad,Pakistan,2024-06,2024,6,0.1253864990904235,0,False,False,False,0,No,12,False
Faisalabad,Pakistan,2024-07,2024,7,-0.8160496554115862,0,False,False,False,0,No,12,False
Faisalabad,Pakistan,2024-08,2024,8,-1.2053899812798348,0,False,False,False,0,No,12,False
Faisalabad,Pakistan,2024-09,2024,9,-0.5861903096830497,0,False,False,False,0,No,12,False
Faisalabad,Pakistan,2024-10,2024,10,-0.09319578956211874,0,False,False,True,0,No,12,False
Faisalabad,Pakistan,2024-11,2024,11,0.7971102843829987,2,False,True,True,0,No,12,False
Faisalabad,Pakistan,2024-12,2024,12,0.23362026913490236,1,False,False,True,0,No,12,False
Faisalabad,Pakistan,2025-01,2025,1,0.5903250698134703,2,False,True,True,0,No,12,False
Faisalabad,Pakistan,2025-02,2025,2,-0.04376840142738214,1,False,False,True,0,No,12,False
Faisalabad,Pakistan,2025-03,2025,3,-0.18463221915744837,1,False,False,False,0,No,12,False
Faisalabad,Pakistan,2025-04,2025,4,0.7960186924450274,3,False,True,False,0,No,12,False
Faisalabad,Pakistan,2025-05,2025,5,0.9655606004526198,2,False,True,False,0,No,12,False
Faisalabad,Pakistan,2025-06,2025,6,0.10358612767473785,0,False,False,False,0,No,12,False
Faisalabad,Pakistan,2025-07,2025,7,-0.920421114655127,0,False,False,False,0,No,12,False
Faisalabad,Pakistan,2025-08,2025,8,-1.0653404985358734,0,False,False,False,0,No,12,False
Faisalabad,Pakistan,2025-09,2025,9,-0.8855060238481283,0,False,False,False,0,No,12,False
Faisalabad,Pakistan,2025-10,2025,10,0.014551867766194816,0,False,False,True,0,No,12,False
Faisalabad,Pakistan,2025-11,2025,11,0.47455286859879475,2,False,True,True,0,No,12,False
Faisalabad,Pakistan,2025-12,2025,12,0.15507303087310564,2,False,True,True,0,No,12,False
Faisalabad,Pakistan,2026-01,2026,1,0.4191731569729346,2,False,True,True,0,No,6,True
Faisalabad,Pakistan,2026-02,2026,2,-0.26869733861011225,0,False,False,True,0,No,6,True
Faisalabad,Pakistan,2026-03,2026,3,-0.6548529868531229,0,False,False,False,0,No,6,True
Faisalabad,Pakistan,2026-04,2026,4,-0.1367628852304927,0,False,False,False,0,No,6,True
Faisalabad,Pakistan,2026-05,2026,5,0.716471606078496,3,False,True,False,0,No,6,True
Faisalabad,Pakistan,2026-06,2026,6,-0.0753315523576931,1,False,False,False,0,No,6,True
Gurugram,India,2018-07,2018,7,-0.3898226267021173,1,False,False,False,0,No,6,True
Gurugram,India,2018-08,2018,8,-0.7388751579432422,0,False,False,False,0,No,6,True
Gurugram,India,2018-09,2018,9,-0.39964458440369527,0,False,False,False,0,No,6,True
Gurugram,India,2018-10,2018,10,0.6620293263258751,1,False,False,True,0,No,6,True
Gurugram,India,2018-11,2018,11,0.42119939603341106,1,False,False,True,0,No,6,True
Gurugram,India,2018-12,2018,12,0.4451136466897669,2,False,True,True,0,No,6,True
Gurugram,India,2019-01,2019,1,0.2915443154573933,1,False,False,True,0,No,12,False
Gurugram,India,2019-02,2019,2,-0.18164334456573458,1,False,False,True,0,No,12,False
Gurugram,India,2019-03,2019,3,-0.018687763037243014,0,False,False,False,0,No,12,False
Gurugram,India,2019-04,2019,4,0.6830366989052923,1,False,False,False,0,No,12,False
Gurugram,India,2019-05,2019,5,0.3631516156145703,1,False,False,False,0,No,12,False
Gurugram,India,2019-06,2019,6,0.4544637563686879,1,False,False,False,0,No,12,False
Gurugram,India,2019-07,2019,7,-0.6765558519289356,0,False,False,False,0,No,12,False
Gurugram,India,2019-08,2019,8,-0.9643625071614741,0,False,False,False,0,No,12,False
Gurugram,India,2019-09,2019,9,-0.8677499585283858,0,False,False,False,0,No,12,False
Gurugram,India,2019-10,2019,10,0.18615919680137988,1,False,False,True,0,No,12,False
Gurugram,India,2019-11,2019,11,-0.2755330061651323,1,False,False,True,0,No,12,False
Gurugram,India,2019-12,2019,12,1.0061768482395825,3,True,True,True,1,Yes,12,False
Gurugram,India,2020-01,2020,1,0.3595861638264003,2,False,True,True,0,No,12,False
Gurugram,India,2020-02,2020,2,0.4396864168839902,1,False,False,True,0,No,12,False
Gurugram,India,2020-03,2020,3,0.08531126297925061,1,False,False,False,0,No,12,False
Gurugram,India,2020-04,2020,4,0.3039915117653072,1,False,False,False,0,No,12,False
Gurugram,India,2020-05,2020,5,0.37379682409701415,1,False,False,False,0,No,12,False
Gurugram,India,2020-06,2020,6,-0.17347081292386896,1,False,False,False,0,No,12,False
Gurugram,India,2020-07,2020,7,-1.1046799487034429,0,False,False,False,0,No,12,False
Gurugram,India,2020-08,2020,8,-1.3470535665226575,0,False,False,False,0,No,12,False
Gurugram,India,2020-09,2020,9,-0.6454332158687722,0,False,False,False,0,No,12,False
Gurugram,India,2020-10,2020,10,0.5076998711910463,2,False,True,True,0,No,12,False
Gurugram,India,2020-11,2020,11,0.9160466697498464,4,False,True,True,0,No,12,False
Gurugram,India,2020-12,2020,12,0.2845188235258913,2,False,True,True,0,No,12,False
Gurugram,India,2021-01,2021,1,-0.04583768355538389,2,False,True,True,0,No,12,False
Gurugram,India,2021-02,2021,2,0.12305303418921461,0,False,False,True,0,No,12,False
Gurugram,India,2021-03,2021,3,-0.06392411597578984,0,False,False,False,0,No,12,False
Gurugram,India,2021-04,2021,4,0.6622539967435835,2,False,True,False,0,No,12,False
Gurugram,India,2021-05,2021,5,-0.0729994116600063,1,False,False,False,0,No,12,False
Gurugram,India,2021-06,2021,6,-0.11793872504043504,0,False,False,False,0,No,12,False
Gurugram,India,2021-07,2021,7,-0.6428554527881932,0,False,False,False,0,No,12,False
Gurugram,India,2021-08,2021,8,-0.6640724728696445,0,False,False,False,0,No,12,False
Gurugram,India,2021-09,2021,9,-0.9283873433361507,0,False,False,False,0,No,12,False
Gurugram,India,2021-10,2021,10,0.11337923512729106,1,False,False,True,0,No,12,False
Gurugram,India,2021-11,2021,11,0.8876520604005925,3,False,True,True,0,No,12,False
Gurugram,India,2021-12,2021,12,0.7496768787649108,2,False,True,True,0,No,12,False
Gurugram,India,2022-01,2022,1,0.199383814611448,0,False,False,True,0,No,12,False
Gurugram,India,2022-02,2022,2,0.2638935548771505,1,False,False,True,0,No,12,False
Gurugram,India,2022-03,2022,3,0.43301526114611233,0,False,False,False,0,No,12,False
Gurugram,India,2022-04,2022,4,0.5617169619708647,2,False,True,False,0,No,12,False
Gurugram,India,2022-05,2022,5,0.8932092975563268,2,False,True,False,0,No,12,False
Gurugram,India,2022-06,2022,6,0.0012111479534907654,0,False,False,False,0,No,12,False
Gurugram,India,2022-07,2022,7,-1.1566266537926844,0,False,False,False,0,No,12,False
Gurugram,India,2022-08,2022,8,-1.211767317580998,0,False,False,False,0,No,12,False
Gurugram,India,2022-09,2022,9,-0.6772841316352638,0,False,False,False,0,No,12,False
Gurugram,India,2022-10,2022,10,0.10282274408850929,0,False,False,True,0,No,12,False
Gurugram,India,2022-11,2022,11,0.19415166869503242,1,False,False,True,0,No,12,False
Gurugram,India,2022-12,2022,12,0.39627365211001603,2,False,True,True,0,No,12,False
Gurugram,India,2023-01,2023,1,0.2778427293323374,2,False,True,True,0,No,12,False
Gurugram,India,2023-02,2023,2,-0.2945612569114077,0,False,False,True,0,No,12,False
Gurugram,India,2023-03,2023,3,-0.31366248187047674,0,False,False,False,0,No,12,False
Gurugram,India,2023-04,2023,4,0.5831870187320861,1,False,False,False,0,No,12,False
Gurugram,India,2023-05,2023,5,0.3719380221011678,2,False,True,False,0,No,12,False
Gurugram,India,2023-06,2023,6,-0.3210702672873794,0,False,False,False,0,No,12,False
Gurugram,India,2023-07,2023,7,-1.1171716899258595,0,False,False,False,0,No,12,False
Gurugram,India,2023-08,2023,8,-0.7402607796785168,0,False,False,False,0,No,12,False
Gurugram,India,2023-09,2023,9,-0.4943676068265829,0,False,False,False,0,No,12,False
Gurugram,India,2023-10,2023,10,0.48127725083512346,1,False,False,True,0,No,12,False
Gurugram,India,2023-11,2023,11,0.7702744265861491,2,False,True,True,0,No,12,False
Gurugram,India,2023-12,2023,12,0.7965746349133587,2,False,True,True,0,No,12,False
Gurugram,India,2024-01,2024,1,0.9248330406709684,2,False,True,True,0,No,12,False
Gurugram,India,2024-02,2024,2,0.05333551917444981,1,False,False,True,0,No,12,False
Gurugram,India,2024-03,2024,3,0.15149333655885505,1,False,False,False,0,No,12,False
Gurugram,India,2024-04,2024,4,0.5083567985947929,1,False,False,False,0,No,12,False
Gurugram,India,2024-05,2024,5,0.9147577617580207,2,False,True,False,0,No,12,False
Gurugram,India,2024-06,2024,6,0.08521375631419661,0,False,False,False,0,No,12,False
Gurugram,India,2024-07,2024,7,-1.105462824124714,0,False,False,False,0,No,12,False
Gurugram,India,2024-08,2024,8,-1.2972102268146275,0,False,False,False,0,No,12,False
Gurugram,India,2024-09,2024,9,-0.906992026273589,0,False,False,False,0,No,12,False
Gurugram,India,2024-10,2024,10,0.04849957655013272,0,False,False,True,0,No,12,False
Gurugram,India,2024-11,2024,11,0.6613621803249782,2,False,True,True,0,No,12,False
Gurugram,India,2024-12,2024,12,-0.038186892733467225,0,False,False,True,0,No,12,False
Gurugram,India,2025-01,2025,1,0.13352798775941693,0,False,False,True,0,No,12,False
Gurugram,India,2025-02,2025,2,0.10469354874848338,0,False,False,True,0,No,12,False
Gurugram,India,2025-03,2025,3,0.14215502436630686,1,False,False,False,0,No,12,False
Gurugram,India,2025-04,2025,4,0.9811931637930945,3,False,True,False,0,No,12,False
Gurugram,India,2025-05,2025,5,0.43532807841722604,1,False,False,False,0,No,12,False
Gurugram,India,2025-06,2025,6,-0.09092228581675857,0,False,False,False,0,No,12,False
Gurugram,India,2025-07,2025,7,-0.9974945543104198,0,False,False,False,0,No,12,False
Gurugram,India,2025-08,2025,8,-0.9784154610861148,0,False,False,False,0,No,12,False
Gurugram,India,2025-09,2025,9,-0.6932815005367114,0,False,False,False,0,No,12,False
Gurugram,India,2025-10,2025,10,0.032300232100500856,0,False,False,True,0,No,12,False
Gurugram,India,2025-11,2025,11,0.8717476489686888,3,False,True,True,0,No,12,False
Gurugram,India,2025-12,2025,12,0.05916811759628772,1,False,False,True,0,No,12,False
Gurugram,India,2026-01,2026,1,-0.3422947248143018,1,False,False,True,0,No,6,True
Gurugram,India,2026-02,2026,2,-0.010596306392820498,0,False,False,True,0,No,6,True
Gurugram,India,2026-03,2026,3,-0.09778756807376679,1,False,False,False,0,No,6,True
Gurugram,India,2026-04,2026,4,0.3772970162618637,0,False,False,False,0,No,6,True
Gurugram,India,2026-05,2026,5,0.44945774364401514,2,False,True,False,0,No,6,True
Gurugram,India,2026-06,2026,6,-0.3760761606249935,1,False,False,False,0,No,6,True
Hanoi,Vietnam,2018-07,2018,7,-0.2641095794618804,2,False,True,False,0,No,6,True
Hanoi,Vietnam,2018-08,2018,8,-0.23202409563706597,1,False,False,False,0,No,6,True
Hanoi,Vietnam,2018-09,2018,9,-0.46665342870451826,0,False,False,False,0,No,6,True
Hanoi,Vietnam,2018-10,2018,10,0.0859127501516154,0,False,False,True,0,No,6,True
Hanoi,Vietnam,2018-11,2018,11,0.5955044610685305,2,False,True,True,0,No,6,True
Hanoi,Vietnam,2018-12,2018,12,0.28136989258331824,1,False,False,True,0,No,6,True
Hanoi,Vietnam,2019-01,2019,1,0.03509816636311323,0,False,False,True,0,No,12,False
Hanoi,Vietnam,2019-02,2019,2,-0.20736613156177103,0,False,False,True,0,No,12,False
Hanoi,Vietnam,2019-03,2019,3,0.5461150442011065,2,False,True,False,0,No,12,False
Hanoi,Vietnam,2019-04,2019,4,0.32008826044411254,2,False,True,False,0,No,12,False
Hanoi,Vietnam,2019-05,2019,5,0.3968951658253857,1,False,False,False,0,No,12,False
Hanoi,Vietnam,2019-06,2019,6,-0.3659507121239158,1,False,False,False,0,No,12,False
Hanoi,Vietnam,2019-07,2019,7,-0.7121696320450391,0,False,False,False,0,No,12,False
Hanoi,Vietnam,2019-08,2019,8,-0.437241493088904,1,False,False,False,0,No,12,False
Hanoi,Vietnam,2019-09,2019,9,-0.30902043564900195,0,False,False,False,0,No,12,False
Hanoi,Vietnam,2019-10,2019,10,0.09310071263854787,1,False,False,True,0,No,12,False
Hanoi,Vietnam,2019-11,2019,11,0.3419498217354992,2,False,True,True,0,No,12,False
Hanoi,Vietnam,2019-12,2019,12,0.29850123326087113,1,False,False,True,0,No,12,False
Hanoi,Vietnam,2020-01,2020,1,0.41192808334567754,1,False,False,True,0,No,12,False
Hanoi,Vietnam,2020-02,2020,2,0.390214393098241,1,False,False,True,0,No,12,False
Hanoi,Vietnam,2020-03,2020,3,1.2767815799063897,2,True,True,False,0,No,12,False
Hanoi,Vietnam,2020-04,2020,4,0.7895710421292668,3,False,True,False,0,No,12,False
Hanoi,Vietnam,2020-05,2020,5,-0.28857450486754865,1,False,False,False,0,No,12,False
Hanoi,Vietnam,2020-06,2020,6,-0.421302395371855,0,False,False,False,0,No,12,False
Hanoi,Vietnam,2020-07,2020,7,-0.7991415639875573,0,False,False,False,0,No,12,False
Hanoi,Vietnam,2020-08,2020,8,-0.505042070738887,0,False,False,False,0,No,12,False
Hanoi,Vietnam,2020-09,2020,9,-0.17965305977614326,0,False,False,False,0,No,12,False
Hanoi,Vietnam,2020-10,2020,10,-0.5067127380149433,0,False,False,True,0,No,12,False
Hanoi,Vietnam,2020-11,2020,11,-0.08766284124190252,0,False,False,True,0,No,12,False
Hanoi,Vietnam,2020-12,2020,12,-0.08040592448073683,1,False,False,True,0,No,12,False
Hanoi,Vietnam,2021-01,2021,1,0.30132878223201676,2,False,True,True,0,No,12,False
Hanoi,Vietnam,2021-02,2021,2,0.8938031146960604,2,False,True,True,0,No,12,False
Hanoi,Vietnam,2021-03,2021,3,0.6646680677606909,2,False,True,False,0,No,12,False
Hanoi,Vietnam,2021-04,2021,4,0.2631392735754269,0,False,False,False,0,No,12,False
Hanoi,Vietnam,2021-05,2021,5,-0.47275120028749756,0,False,False,False,0,No,12,False
Hanoi,Vietnam,2021-06,2021,6,-0.6133845774066164,0,False,False,False,0,No,12,False
Hanoi,Vietnam,2021-07,2021,7,-0.3325140320845238,1,False,False,False,0,No,12,False
Hanoi,Vietnam,2021-08,2021,8,-0.41962423243827623,0,False,False,False,0,No,12,False
Hanoi,Vietnam,2021-09,2021,9,-0.28622229909883484,0,False,False,False,0,No,12,False
Hanoi,Vietnam,2021-10,2021,10,-0.07903511335521748,0,False,False,True,0,No,12,False
Hanoi,Vietnam,2021-11,2021,11,0.03412428710809978,0,False,False,True,0,No,12,False
Hanoi,Vietnam,2021-12,2021,12,0.04646792929867224,0,False,False,True,0,No,12,False
Hanoi,Vietnam,2022-01,2022,1,0.2975246089410581,1,False,False,True,0,No,12,False
Hanoi,Vietnam,2022-02,2022,2,-0.18628736587453226,0,False,False,True,0,No,12,False
Hanoi,Vietnam,2022-03,2022,3,0.7669632433484797,2,False,True,False,0,No,12,False
Hanoi,Vietnam,2022-04,2022,4,1.1636891220657553,3,True,True,False,0,No,12,False
Hanoi,Vietnam,2022-05,2022,5,-0.021322644835287542,1,False,False,False,0,No,12,False
Hanoi,Vietnam,2022-06,2022,6,-0.31507763125588684,1,False,False,False,0,No,12,False
Hanoi,Vietnam,2022-07,2022,7,-0.515007597439207,0,False,False,False,0,No,12,False
Hanoi,Vietnam,2022-08,2022,8,-0.7388490684354434,0,False,False,False,0,No,12,False
Hanoi,Vietnam,2022-09,2022,9,-0.5531899251093384,0,False,False,False,0,No,12,False
Hanoi,Vietnam,2022-10,2022,10,-0.13223985581314346,0,False,False,True,0,No,12,False
Hanoi,Vietnam,2022-11,2022,11,-0.3210466851238802,0,False,False,True,0,No,12,False
Hanoi,Vietnam,2022-12,2022,12,0.5548437995314275,2,False,True,True,0,No,12,False
Hanoi,Vietnam,2023-01,2023,1,-0.135975076685797,1,False,False,True,0,No,12,False
Hanoi,Vietnam,2023-02,2023,2,0.10058764432668969,0,False,False,True,0,No,12,False
Hanoi,Vietnam,2023-03,2023,3,1.1909282371057814,3,True,True,False,0,No,12,False
Hanoi,Vietnam,2023-04,2023,4,0.9023147685894836,2,False,True,False,0,No,12,False
Hanoi,Vietnam,2023-05,2023,5,0.20969678960130683,1,False,False,False,0,No,12,False
Hanoi,Vietnam,2023-06,2023,6,-0.6527099711526785,1,False,False,False,0,No,12,False
Hanoi,Vietnam,2023-07,2023,7,-0.6793822883104174,0,False,False,False,0,No,12,False
Hanoi,Vietnam,2023-08,2023,8,-0.39435294152010253,0,False,False,False,0,No,12,False
Hanoi,Vietnam,2023-09,2023,9,-0.489217769930837,0,False,False,False,0,No,12,False
Hanoi,Vietnam,2023-10,2023,10,-0.11122494374666084,0,False,False,True,0,No,12,False
Hanoi,Vietnam,2023-11,2023,11,0.02139192455671083,1,False,False,True,0,No,12,False
Hanoi,Vietnam,2023-12,2023,12,0.03794362716652494,1,False,False,True,0,No,12,False
Hanoi,Vietnam,2024-01,2024,1,-0.43061022696180906,0,False,False,True,0,No,12,False
Hanoi,Vietnam,2024-02,2024,2,-0.39075571087268807,0,False,False,True,0,No,12,False
Hanoi,Vietnam,2024-03,2024,3,1.0017028608500336,2,True,True,False,0,No,12,False
Hanoi,Vietnam,2024-04,2024,4,0.8540793423296457,3,False,True,False,0,No,12,False
Hanoi,Vietnam,2024-05,2024,5,-0.22678920176100395,1,False,False,False,0,No,12,False
Hanoi,Vietnam,2024-06,2024,6,-0.4518279017214436,0,False,False,False,0,No,12,False
Hanoi,Vietnam,2024-07,2024,7,-0.31515605697475013,1,False,False,False,0,No,12,False
Hanoi,Vietnam,2024-08,2024,8,-0.6005874541515418,0,False,False,False,0,No,12,False
Hanoi,Vietnam,2024-09,2024,9,-0.27232968552569436,0,False,False,False,0,No,12,False
Hanoi,Vietnam,2024-10,2024,10,0.2236290206898249,1,False,False,True,0,No,12,False
Hanoi,Vietnam,2024-11,2024,11,0.0531174354101764,1,False,False,True,0,No,12,False
Hanoi,Vietnam,2024-12,2024,12,0.5555275786892506,2,False,True,True,0,No,12,False
Hanoi,Vietnam,2025-01,2025,1,0.6760198594563398,2,False,True,True,0,No,12,False
Hanoi,Vietnam,2025-02,2025,2,0.4212526739927598,1,False,False,True,0,No,12,False
Hanoi,Vietnam,2025-03,2025,3,1.1347622677937528,2,True,True,False,0,No,12,False
Hanoi,Vietnam,2025-04,2025,4,0.3918792420888185,0,False,False,False,0,No,12,False
Hanoi,Vietnam,2025-05,2025,5,-0.173420437947646,1,False,False,False,0,No,12,False
Hanoi,Vietnam,2025-06,2025,6,-0.4933812741740642,0,False,False,False,0,No,12,False
Hanoi,Vietnam,2025-07,2025,7,-0.5521619454644863,0,False,False,False,0,No,12,False
Hanoi,Vietnam,2025-08,2025,8,-0.4890377709890985,0,False,False,False,0,No,12,False
Hanoi,Vietnam,2025-09,2025,9,-0.5746792978328717,0,False,False,False,0,No,12,False
Hanoi,Vietnam,2025-10,2025,10,-0.5558717438719614,0,False,False,True,0,No,12,False
Hanoi,Vietnam,2025-11,2025,11,0.21221363247346087,1,False,False,True,0,No,12,False
Hanoi,Vietnam,2025-12,2025,12,0.002424794475001324,1,False,False,True,0,No,12,False
Hanoi,Vietnam,2026-01,2026,1,-0.39992470542369757,1,False,False,True,0,No,6,True
Hanoi,Vietnam,2026-02,2026,2,-0.22251554482559227,0,False,False,True,0,No,6,True
Hanoi,Vietnam,2026-03,2026,3,0.4768188521642346,2,False,True,False,0,No,6,True
Hanoi,Vietnam,2026-04,2026,4,0.7897810106071822,2,False,True,False,0,No,6,True
Hanoi,Vietnam,2026-05,2026,5,-0.12257882163173799,1,False,False,False,0,No,6,True
Hanoi,Vietnam,2026-06,2026,6,-0.5215807908903893,0,False,False,False,0,No,6,True
Hotan,China,2018-07,2018,7,0.21036492277563518,2,False,True,False,0,No,6,True
Hotan,China,2018-08,2018,8,0.21536566239618757,1,False,False,False,0,No,6,True
Hotan,China,2018-09,2018,9,-0.09861392235568428,0,False,False,False,0,No,6,True
Hotan,China,2018-10,2018,10,-0.3457913924258026,0,False,False,True,0,No,6,True
Hotan,China,2018-11,2018,11,-0.3127191934158803,1,False,False,True,0,No,6,True
Hotan,China,2018-12,2018,12,0.3313939230255424,2,False,True,True,0,No,6,True
Hotan,China,2019-01,2019,1,0.24228318303637875,1,False,False,True,0,No,12,False
Hotan,China,2019-02,2019,2,0.2639183814722087,2,False,True,True,0,No,12,False
Hotan,China,2019-03,2019,3,0.40636075678193706,1,False,False,False,0,No,12,False
Hotan,China,2019-04,2019,4,0.2958522143997331,1,False,False,False,0,No,12,False
Hotan,China,2019-05,2019,5,0.3926126476738233,1,False,False,False,0,No,12,False
Hotan,China,2019-06,2019,6,-0.17529066306373714,0,False,False,False,0,No,12,False
Hotan,China,2019-07,2019,7,0.1012037511027973,1,False,False,False,0,No,12,False
Hotan,China,2019-08,2019,8,0.05045002064926374,1,False,False,False,0,No,12,False
Hotan,China,2019-09,2019,9,-0.4508230209848237,0,False,False,False,0,No,12,False
Hotan,China,2019-10,2019,10,-0.821438143539814,0,False,False,True,0,No,12,False
Hotan,China,2019-11,2019,11,-0.5204528410657787,0,False,False,True,0,No,12,False
Hotan,China,2019-12,2019,12,0.21532371353801624,1,False,False,True,0,No,12,False
Hotan,China,2020-01,2020,1,0.4920066266433184,3,False,True,True,0,No,12,False
Hotan,China,2020-02,2020,2,0.36309316588434726,2,False,True,True,0,No,12,False
Hotan,China,2020-03,2020,3,0.4187036562249089,2,False,True,False,0,No,12,False
Hotan,China,2020-04,2020,4,0.33609113384354383,2,False,True,False,0,No,12,False
Hotan,China,2020-05,2020,5,0.05463286358392988,0,False,False,False,0,No,12,False
Hotan,China,2020-06,2020,6,-0.11334694256234634,1,False,False,False,0,No,12,False
Hotan,China,2020-07,2020,7,-0.3127468298985661,1,False,False,False,0,No,12,False
Hotan,China,2020-08,2020,8,-0.2508995302544161,1,False,False,False,0,No,12,False
Hotan,China,2020-09,2020,9,-0.22793790003645906,1,False,False,False,0,No,12,False
Hotan,China,2020-10,2020,10,-0.36425239096665407,0,False,False,True,0,No,12,False
Hotan,China,2020-11,2020,11,-0.29291329427684387,0,False,False,True,0,No,12,False
Hotan,China,2020-12,2020,12,-0.10243055818475288,2,False,True,True,0,No,12,False
Hotan,China,2021-01,2021,1,0.17376983961952913,2,False,True,True,0,No,12,False
Hotan,China,2021-02,2021,2,-0.2563848703621687,1,False,False,True,0,No,12,False
Hotan,China,2021-03,2021,3,0.24937089748996888,1,False,False,False,0,No,12,False
Hotan,China,2021-04,2021,4,0.16305572232888144,1,False,False,False,0,No,12,False
Hotan,China,2021-05,2021,5,-0.15400576703203656,0,False,False,False,0,No,12,False
Hotan,China,2021-06,2021,6,-0.5253147645878414,1,False,False,False,0,No,12,False
Hotan,China,2021-07,2021,7,0.02769520189602386,1,False,False,False,0,No,12,False
Hotan,China,2021-08,2021,8,0.37925805085631514,2,False,True,False,0,No,12,False
Hotan,China,2021-09,2021,9,-0.1386708028942334,1,False,False,False,0,No,12,False
Hotan,China,2021-10,2021,10,-0.1694231673120233,1,False,False,True,0,No,12,False
Hotan,China,2021-11,2021,11,-0.13119865805828454,1,False,False,True,0,No,12,False
Hotan,China,2021-12,2021,12,0.3818483180558667,2,False,True,True,0,No,12,False
Hotan,China,2022-01,2022,1,0.590233580177492,3,False,True,True,0,No,12,False
Hotan,China,2022-02,2022,2,0.3761881760715861,2,False,True,True,0,No,12,False
Hotan,China,2022-03,2022,3,0.2677368298371884,1,False,False,False,0,No,12,False
Hotan,China,2022-04,2022,4,0.23943607151641796,1,False,False,False,0,No,12,False
Hotan,China,2022-05,2022,5,0.0626369212680252,0,False,False,False,0,No,12,False
Hotan,China,2022-06,2022,6,0.010101704717614558,1,False,False,False,0,No,12,False
Hotan,China,2022-07,2022,7,0.35794324093088453,2,False,True,False,0,No,12,False
Hotan,China,2022-08,2022,8,-0.1572282313604157,1,False,False,False,0,No,12,False
Hotan,China,2022-09,2022,9,-0.44652583043633615,0,False,False,False,0,No,12,False
Hotan,China,2022-10,2022,10,-0.6860197914721196,0,False,False,True,0,No,12,False
Hotan,China,2022-11,2022,11,-0.5044764366186266,1,False,False,True,0,No,12,False
Hotan,China,2022-12,2022,12,-0.11002623463171435,1,False,False,True,0,No,12,False
Hotan,China,2023-01,2023,1,0.0739891734977954,1,False,False,True,0,No,12,False
Hotan,China,2023-02,2023,2,-0.15806874142290445,0,False,False,True,0,No,12,False
Hotan,China,2023-03,2023,3,-0.040226685144386876,1,False,False,False,0,No,12,False
Hotan,China,2023-04,2023,4,0.5190551133423251,1,False,False,False,0,No,12,False
Hotan,China,2023-05,2023,5,-0.17964204567958666,0,False,False,False,0,No,12,False
Hotan,China,2023-06,2023,6,-0.01922221692564414,1,False,False,False,0,No,12,False
Hotan,China,2023-07,2023,7,-0.0016471969415775111,1,False,False,False,0,No,12,False
Hotan,China,2023-08,2023,8,0.4038911734116004,2,False,True,False,0,No,12,False
Hotan,China,2023-09,2023,9,-0.132771821155684,1,False,False,False,0,No,12,False
Hotan,China,2023-10,2023,10,-0.7701133665338235,0,False,False,True,0,No,12,False
Hotan,China,2023-11,2023,11,-0.21164101203953925,0,False,False,True,0,No,12,False
Hotan,China,2023-12,2023,12,0.5163976255914311,2,False,True,True,0,No,12,False
Hotan,China,2024-01,2024,1,0.7107198221475464,3,False,True,True,0,No,12,False
Hotan,China,2024-02,2024,2,0.37902949067381103,2,False,True,True,0,No,12,False
Hotan,China,2024-03,2024,3,0.22075514386611914,1,False,False,False,0,No,12,False
Hotan,China,2024-04,2024,4,0.379291332762519,2,False,True,False,0,No,12,False
Hotan,China,2024-05,2024,5,0.241441396171277,1,False,False,False,0,No,12,False
Hotan,China,2024-06,2024,6,-0.16549816590081876,1,False,False,False,0,No,12,False
Hotan,China,2024-07,2024,7,-0.0206909126706178,1,False,False,False,0,No,12,False
Hotan,China,2024-08,2024,8,0.06697390177289146,1,False,False,False,0,No,12,False
Hotan,China,2024-09,2024,9,-0.13364006380126442,0,False,False,False,0,No,12,False
Hotan,China,2024-10,2024,10,-0.6664343886480896,0,False,False,True,0,No,12,False
Hotan,China,2024-11,2024,11,-0.7168536932918865,0,False,False,True,0,No,12,False
Hotan,China,2024-12,2024,12,-0.2950938630814818,1,False,False,True,0,No,12,False
Hotan,China,2025-01,2025,1,0.4849406972221285,3,False,True,True,0,No,12,False
Hotan,China,2025-02,2025,2,-0.09239668659318334,2,False,True,True,0,No,12,False
Hotan,China,2025-03,2025,3,0.26949014434663393,1,False,False,False,0,No,12,False
Hotan,China,2025-04,2025,4,0.1904958190613289,0,False,False,False,0,No,12,False
Hotan,China,2025-05,2025,5,0.22400705583165328,1,False,False,False,0,No,12,False
Hotan,China,2025-06,2025,6,0.2723272652527983,2,False,True,False,0,No,12,False
Hotan,China,2025-07,2025,7,0.14435950039866383,1,False,False,False,0,No,12,False
Hotan,China,2025-08,2025,8,0.20728719304164733,1,False,False,False,0,No,12,False
Hotan,China,2025-09,2025,9,-0.11107722114276428,1,False,False,False,0,No,12,False
Hotan,China,2025-10,2025,10,-0.8745415365543634,0,False,False,True,0,No,12,False
Hotan,China,2025-11,2025,11,-0.5925444410965891,0,False,False,True,0,No,12,False
Hotan,China,2025-12,2025,12,-0.12234778976795346,1,False,False,True,0,No,12,False
Hotan,China,2026-01,2026,1,0.44374715306480467,2,False,True,True,0,No,6,True
Hotan,China,2026-02,2026,2,-0.018770683945824745,0,False,False,True,0,No,6,True
Hotan,China,2026-03,2026,3,0.27575071359110953,0,False,False,False,0,No,6,True
Hotan,China,2026-04,2026,4,0.214447360223116,1,False,False,False,0,No,6,True
Hotan,China,2026-05,2026,5,-0.1302521410296523,0,False,False,False,0,No,6,True
Hotan,China,2026-06,2026,6,-0.7849224019035581,1,False,False,False,0,No,6,True
Kashgar,China,2018-07,2018,7,0.26487424939107246,2,False,True,False,0,No,6,True
Kashgar,China,2018-08,2018,8,0.1349361585093392,0,False,False,False,0,No,6,True
Kashgar,China,2018-09,2018,9,-0.1354283171523831,0,False,False,False,0,No,6,True
Kashgar,China,2018-10,2018,10,-0.3756988939502595,0,False,False,True,0,No,6,True
Kashgar,China,2018-11,2018,11,-0.7774777181579132,0,False,False,True,0,No,6,True
Kashgar,China,2018-12,2018,12,0.8887945213601387,3,False,True,True,0,No,6,True
Kashgar,China,2019-01,2019,1,0.4264012981466473,2,False,True,True,0,No,12,False
Kashgar,China,2019-02,2019,2,0.5705225103944117,2,False,True,True,0,No,12,False
Kashgar,China,2019-03,2019,3,0.4897871007507774,2,False,True,False,0,No,12,False
Kashgar,China,2019-04,2019,4,0.04658958416556267,1,False,False,False,0,No,12,False
Kashgar,China,2019-05,2019,5,0.2336601503931524,1,False,False,False,0,No,12,False
Kashgar,China,2019-06,2019,6,-0.19732714360088582,0,False,False,False,0,No,12,False
Kashgar,China,2019-07,2019,7,0.06547951902447646,1,False,False,False,0,No,12,False
Kashgar,China,2019-08,2019,8,-0.22367064910735457,1,False,False,False,0,No,12,False
Kashgar,China,2019-09,2019,9,-0.6768916220785288,0,False,False,False,0,No,12,False
Kashgar,China,2019-10,2019,10,-0.717698802721333,0,False,False,True,0,No,12,False
Kashgar,China,2019-11,2019,11,-0.18669090039562738,1,False,False,True,0,No,12,False
Kashgar,China,2019-12,2019,12,0.1698389550287016,1,False,False,True,0,No,12,False
Kashgar,China,2020-01,2020,1,0.6545750223755322,3,False,True,True,0,No,12,False
Kashgar,China,2020-02,2020,2,0.4118325484704222,3,False,True,True,0,No,12,False
Kashgar,China,2020-03,2020,3,0.5504499301737338,2,False,True,False,0,No,12,False
Kashgar,China,2020-04,2020,4,0.3059421556310834,1,False,False,False,0,No,12,False
Kashgar,China,2020-05,2020,5,-0.07248299068934473,0,False,False,False,0,No,12,False
Kashgar,China,2020-06,2020,6,-0.08037267421410349,1,False,False,False,0,No,12,False
Kashgar,China,2020-07,2020,7,-0.373526935913159,1,False,False,False,0,No,12,False
Kashgar,China,2020-08,2020,8,-0.3456408457539516,1,False,False,False,0,No,12,False
Kashgar,China,2020-09,2020,9,-0.343423040001822,0,False,False,False,0,No,12,False
Kashgar,China,2020-10,2020,10,-0.33085129063814456,0,False,False,True,0,No,12,False
Kashgar,China,2020-11,2020,11,-0.07752290413260907,1,False,False,True,0,No,12,False
Kashgar,China,2020-12,2020,12,-0.29897897530763423,0,False,False,True,0,No,12,False
Kashgar,China,2021-01,2021,1,0.26307354384991755,2,False,True,True,0,No,12,False
Kashgar,China,2021-02,2021,2,-0.09304320570755586,1,False,False,True,0,No,12,False
Kashgar,China,2021-03,2021,3,0.24731846057632284,1,False,False,False,0,No,12,False
Kashgar,China,2021-04,2021,4,0.0563585226465624,1,False,False,False,0,No,12,False
Kashgar,China,2021-05,2021,5,-0.38307946585793484,0,False,False,False,0,No,12,False
Kashgar,China,2021-06,2021,6,-0.5811814845568755,1,False,False,False,0,No,12,False
Kashgar,China,2021-07,2021,7,-0.057798535690739984,1,False,False,False,0,No,12,False
Kashgar,China,2021-08,2021,8,0.19993103270633822,2,False,True,False,0,No,12,False
Kashgar,China,2021-09,2021,9,-0.24791760821068304,1,False,False,False,0,No,12,False
Kashgar,China,2021-10,2021,10,-0.16096192804527423,1,False,False,True,0,No,12,False
Kashgar,China,2021-11,2021,11,0.22623741971974046,1,False,False,True,0,No,12,False
Kashgar,China,2021-12,2021,12,0.5310632485701821,1,False,False,True,0,No,12,False
Kashgar,China,2022-01,2022,1,0.7915692089219195,3,False,True,True,0,No,12,False
Kashgar,China,2022-02,2022,2,0.58856518173304,2,False,True,True,0,No,12,False
Kashgar,China,2022-03,2022,3,0.27532527410012503,0,False,False,False,0,No,12,False
Kashgar,China,2022-04,2022,4,0.25722394003546756,1,False,False,False,0,No,12,False
Kashgar,China,2022-05,2022,5,-0.12646650206019447,0,False,False,False,0,No,12,False
Kashgar,China,2022-06,2022,6,-0.04643471783838102,1,False,False,False,0,No,12,False
Kashgar,China,2022-07,2022,7,0.39862342682025786,2,False,True,False,0,No,12,False
Kashgar,China,2022-08,2022,8,-0.4604856869228193,1,False,False,False,0,No,12,False
Kashgar,China,2022-09,2022,9,-0.5744641124550569,0,False,False,False,0,No,12,False
Kashgar,China,2022-10,2022,10,-0.6441382557938493,0,False,False,True,0,No,12,False
Kashgar,China,2022-11,2022,11,-0.3592075643490469,1,False,False,True,0,No,12,False
Kashgar,China,2022-12,2022,12,-0.10011019219146207,0,False,False,True,0,No,12,False
Kashgar,China,2023-01,2023,1,0.5866750216109875,3,False,True,True,0,No,12,False
Kashgar,China,2023-02,2023,2,-0.08183141171703605,1,False,False,True,0,No,12,False
Kashgar,China,2023-03,2023,3,0.11816492076095413,1,False,False,False,0,No,12,False
Kashgar,China,2023-04,2023,4,0.3306807171466081,1,False,False,False,0,No,12,False
Kashgar,China,2023-05,2023,5,-0.3573959590045218,0,False,False,False,0,No,12,False
Kashgar,China,2023-06,2023,6,0.06336879660156843,1,False,False,False,0,No,12,False
Kashgar,China,2023-07,2023,7,-0.18337852051826709,1,False,False,False,0,No,12,False
Kashgar,China,2023-08,2023,8,-0.03260546587122398,1,False,False,False,0,No,12,False
Kashgar,China,2023-09,2023,9,-0.3144402073502288,1,False,False,False,0,No,12,False
Kashgar,China,2023-10,2023,10,-0.7005594872725023,0,False,False,True,0,No,12,False
Kashgar,China,2023-11,2023,11,0.20602002395590216,1,False,False,True,0,No,12,False
Kashgar,China,2023-12,2023,12,0.36530157165776567,2,False,True,True,0,No,12,False
Kashgar,China,2024-01,2024,1,0.9146442512291003,3,False,True,True,0,No,12,False
Kashgar,China,2024-02,2024,2,0.2604951695225901,2,False,True,True,0,No,12,False
Kashgar,China,2024-03,2024,3,0.232890384716716,1,False,False,False,0,No,12,False
Kashgar,China,2024-04,2024,4,0.31771614874169296,1,False,False,False,0,No,12,False
Kashgar,China,2024-05,2024,5,0.14688675586065356,1,False,False,False,0,No,12,False
Kashgar,China,2024-06,2024,6,-0.1555566288065694,1,False,False,False,0,No,12,False
Kashgar,China,2024-07,2024,7,-0.13442858332034766,1,False,False,False,0,No,12,False
Kashgar,China,2024-08,2024,8,-0.22527646195644885,1,False,False,False,0,No,12,False
Kashgar,China,2024-09,2024,9,-0.17471575050388824,1,False,False,False,0,No,12,False
Kashgar,China,2024-10,2024,10,-0.49987292148314777,0,False,False,True,0,No,12,False
Kashgar,China,2024-11,2024,11,-0.4874777390738033,0,False,False,True,0,No,12,False
Kashgar,China,2024-12,2024,12,-0.19530462492654957,1,False,False,True,0,No,12,False
Kashgar,China,2025-01,2025,1,0.6537247107906662,3,False,True,True,0,No,12,False
Kashgar,China,2025-02,2025,2,0.07988759371105428,2,False,True,True,0,No,12,False
Kashgar,China,2025-03,2025,3,0.3473627530412382,1,False,False,False,0,No,12,False
Kashgar,China,2025-04,2025,4,0.10249306994066265,0,False,False,False,0,No,12,False
Kashgar,China,2025-05,2025,5,-0.07452721661466422,1,False,False,False,0,No,12,False
Kashgar,China,2025-06,2025,6,0.1725296817764491,1,False,False,False,0,No,12,False
Kashgar,China,2025-07,2025,7,-0.08538766412666088,1,False,False,False,0,No,12,False
Kashgar,China,2025-08,2025,8,0.16075957593917378,0,False,False,False,0,No,12,False
Kashgar,China,2025-09,2025,9,-0.27852629168413123,1,False,False,False,0,No,12,False
Kashgar,China,2025-10,2025,10,-0.7892924987183491,0,False,False,True,0,No,12,False
Kashgar,China,2025-11,2025,11,-0.21164976704760408,1,False,False,True,0,No,12,False
Kashgar,China,2025-12,2025,12,-0.0773739470078372,0,False,False,True,0,No,12,False
Kashgar,China,2026-01,2026,1,0.4583035486574076,3,False,True,True,0,No,6,True
Kashgar,China,2026-02,2026,2,0.3213560620715474,1,False,False,True,0,No,6,True
Kashgar,China,2026-03,2026,3,0.31230291159204987,0,False,False,False,0,No,6,True
Kashgar,China,2026-04,2026,4,-0.04459755212062304,1,False,False,False,0,No,6,True
Kashgar,China,2026-05,2026,5,-0.35461788335158967,0,False,False,False,0,No,6,True
Kashgar,China,2026-06,2026,6,-0.6927470868487958,1,False,False,False,0,No,6,True
Lahore,Pakistan,2018-07,2018,7,-0.3737493779787003,0,False,False,False,0,No,6,True
Lahore,Pakistan,2018-08,2018,8,-0.4528689399485996,0,False,False,False,0,No,6,True
Lahore,Pakistan,2018-09,2018,9,-0.4312232073368191,0,False,False,False,0,No,6,True
Lahore,Pakistan,2018-10,2018,10,0.9495284417025616,2,False,True,True,0,No,6,True
Lahore,Pakistan,2018-11,2018,11,-0.17952935349570676,0,False,False,True,0,No,6,True
Lahore,Pakistan,2018-12,2018,12,0.4878424370572625,2,False,True,True,0,No,6,True
Lahore,Pakistan,2019-01,2019,1,0.6251809649367823,2,False,True,True,0,No,12,False
Lahore,Pakistan,2019-02,2019,2,-0.18450500442912246,0,False,False,True,0,No,12,False
Lahore,Pakistan,2019-03,2019,3,0.08164986195981234,0,False,False,False,0,No,12,False
Lahore,Pakistan,2019-04,2019,4,0.04932612925657835,1,False,False,False,0,No,12,False
Lahore,Pakistan,2019-05,2019,5,0.5989982004738084,2,False,True,False,0,No,12,False
Lahore,Pakistan,2019-06,2019,6,0.46537347122776873,1,False,False,False,0,No,12,False
Lahore,Pakistan,2019-07,2019,7,-0.8559531944584684,0,False,False,False,0,No,12,False
Lahore,Pakistan,2019-08,2019,8,-1.0374723873494953,0,False,False,False,0,No,12,False
Lahore,Pakistan,2019-09,2019,9,-0.6665453904600175,0,False,False,False,0,No,12,False
Lahore,Pakistan,2019-10,2019,10,0.10992744976938731,1,False,False,True,0,No,12,False
Lahore,Pakistan,2019-11,2019,11,-0.504473012279784,0,False,False,True,0,No,12,False
Lahore,Pakistan,2019-12,2019,12,1.3184929113527382,3,True,True,True,1,Yes,12,False
Lahore,Pakistan,2020-01,2020,1,0.6086459505847551,3,False,True,True,0,No,12,False
Lahore,Pakistan,2020-02,2020,2,0.4386669454549866,1,False,False,True,0,No,12,False
Lahore,Pakistan,2020-03,2020,3,-0.23817670793581164,1,False,False,False,0,No,12,False
Lahore,Pakistan,2020-04,2020,4,-0.22606025167235028,1,False,False,False,0,No,12,False
Lahore,Pakistan,2020-05,2020,5,0.22336164839084333,1,False,False,False,0,No,12,False
Lahore,Pakistan,2020-06,2020,6,-0.09311545375640273,1,False,False,False,0,No,12,False
Lahore,Pakistan,2020-07,2020,7,-0.9493541699273494,0,False,False,False,0,No,12,False
Lahore,Pakistan,2020-08,2020,8,-1.396498851389848,0,False,False,False,0,No,12,False
Lahore,Pakistan,2020-09,2020,9,-0.24256511692654442,0,False,False,False,0,No,12,False
Lahore,Pakistan,2020-10,2020,10,0.37858836969369053,2,False,True,True,0,No,12,False
Lahore,Pakistan,2020-11,2020,11,0.5895135214472706,2,False,True,True,0,No,12,False
Lahore,Pakistan,2020-12,2020,12,0.9069941160367572,3,False,True,True,0,No,12,False
Lahore,Pakistan,2021-01,2021,1,0.01613465570147623,1,False,False,True,0,No,12,False
Lahore,Pakistan,2021-02,2021,2,0.22445284038680122,2,False,True,True,0,No,12,False
Lahore,Pakistan,2021-03,2021,3,-0.21966305177724288,1,False,False,False,0,No,12,False
Lahore,Pakistan,2021-04,2021,4,-0.015388478223897351,1,False,False,False,0,No,12,False
Lahore,Pakistan,2021-05,2021,5,-0.17152892442964146,1,False,False,False,0,No,12,False
Lahore,Pakistan,2021-06,2021,6,-0.31009234681941866,0,False,False,False,0,No,12,False
Lahore,Pakistan,2021-07,2021,7,-0.5855096664432123,0,False,False,False,0,No,12,False
Lahore,Pakistan,2021-08,2021,8,-0.22791985776393764,0,False,False,False,0,No,12,False
Lahore,Pakistan,2021-09,2021,9,-0.79202345152425,0,False,False,False,0,No,12,False
Lahore,Pakistan,2021-10,2021,10,0.030474501687266287,1,False,False,True,0,No,12,False
Lahore,Pakistan,2021-11,2021,11,0.6414630126406103,3,False,True,True,0,No,12,False
Lahore,Pakistan,2021-12,2021,12,1.4096007665654535,4,True,True,True,1,Yes,12,False
Lahore,Pakistan,2022-01,2022,1,0.8807519396912026,3,False,True,True,0,No,12,False
Lahore,Pakistan,2022-02,2022,2,0.5640384309865403,1,False,False,True,0,No,12,False
Lahore,Pakistan,2022-03,2022,3,0.14757225665376014,0,False,False,False,0,No,12,False
Lahore,Pakistan,2022-04,2022,4,0.5453971939392529,1,False,False,False,0,No,12,False
Lahore,Pakistan,2022-05,2022,5,0.5920482174346136,2,False,True,False,0,No,12,False
Lahore,Pakistan,2022-06,2022,6,0.2335496460911961,1,False,False,False,0,No,12,False
Lahore,Pakistan,2022-07,2022,7,-1.1985014473220221,0,False,False,False,0,No,12,False
Lahore,Pakistan,2022-08,2022,8,-1.2619548762289106,0,False,False,False,0,No,12,False
Lahore,Pakistan,2022-09,2022,9,-0.7354282558676977,0,False,False,False,0,No,12,False
Lahore,Pakistan,2022-10,2022,10,-0.08541223935343892,0,False,False,True,0,No,12,False
Lahore,Pakistan,2022-11,2022,11,0.011144593523036667,1,False,False,True,0,No,12,False
Lahore,Pakistan,2022-12,2022,12,0.306794540452466,1,False,False,True,0,No,12,False
Lahore,Pakistan,2023-01,2023,1,0.4424593459269161,2,False,True,True,0,No,12,False
Lahore,Pakistan,2023-02,2023,2,-0.2802326510092349,0,False,False,True,0,No,12,False
Lahore,Pakistan,2023-03,2023,3,-0.6565310837165741,0,False,False,False,0,No,12,False
Lahore,Pakistan,2023-04,2023,4,0.23453247909229216,1,False,False,False,0,No,12,False
Lahore,Pakistan,2023-05,2023,5,0.5032706145811614,2,False,True,False,0,No,12,False
Lahore,Pakistan,2023-06,2023,6,-0.11913070985382523,0,False,False,False,0,No,12,False
Lahore,Pakistan,2023-07,2023,7,-1.1470740090476437,0,False,False,False,0,No,12,False
Lahore,Pakistan,2023-08,2023,8,-0.4935241019935576,0,False,False,False,0,No,12,False
Lahore,Pakistan,2023-09,2023,9,-0.6029247476723135,0,False,False,False,0,No,12,False
Lahore,Pakistan,2023-10,2023,10,0.02062984978090552,1,False,False,True,0,No,12,False
Lahore,Pakistan,2023-11,2023,11,0.7268021624274128,1,False,False,True,0,No,12,False
Lahore,Pakistan,2023-12,2023,12,1.371722851484466,3,True,True,True,1,Yes,12,False
Lahore,Pakistan,2024-01,2024,1,1.106790785750163,2,True,True,True,1,Yes,12,False
Lahore,Pakistan,2024-02,2024,2,0.34827076222579867,1,False,False,True,0,No,12,False
Lahore,Pakistan,2024-03,2024,3,-0.10324272880414642,0,False,False,False,0,No,12,False
Lahore,Pakistan,2024-04,2024,4,0.18147056125234734,1,False,False,False,0,No,12,False
Lahore,Pakistan,2024-05,2024,5,0.4837409453167238,1,False,False,False,0,No,12,False
Lahore,Pakistan,2024-06,2024,6,-0.06477462689814995,0,False,False,False,0,No,12,False
Lahore,Pakistan,2024-07,2024,7,-0.9361995389297775,0,False,False,False,0,No,12,False
Lahore,Pakistan,2024-08,2024,8,-1.3115964175934869,0,False,False,False,0,No,12,False
Lahore,Pakistan,2024-09,2024,9,-0.6088144747051473,0,False,False,False,0,No,12,False
Lahore,Pakistan,2024-10,2024,10,-0.05139596396683434,0,False,False,True,0,No,12,False
Lahore,Pakistan,2024-11,2024,11,0.7148461309083295,2,False,True,True,0,No,12,False
Lahore,Pakistan,2024-12,2024,12,0.24090456544417838,1,False,False,True,0,No,12,False
Lahore,Pakistan,2025-01,2025,1,0.8750623876956315,2,False,True,True,0,No,12,False
Lahore,Pakistan,2025-02,2025,2,0.1177173520654895,1,False,False,True,0,No,12,False
Lahore,Pakistan,2025-03,2025,3,-0.09583642540284162,1,False,False,False,0,No,12,False
Lahore,Pakistan,2025-04,2025,4,0.5594056678865945,3,False,True,False,0,No,12,False
Lahore,Pakistan,2025-05,2025,5,0.707366722447666,2,False,True,False,0,No,12,False
Lahore,Pakistan,2025-06,2025,6,-0.122793838677515,0,False,False,False,0,No,12,False
Lahore,Pakistan,2025-07,2025,7,-1.155554050684461,0,False,False,False,0,No,12,False
Lahore,Pakistan,2025-08,2025,8,-0.9649063572617529,0,False,False,False,0,No,12,False
Lahore,Pakistan,2025-09,2025,9,-0.7292347096184573,0,False,False,False,0,No,12,False
Lahore,Pakistan,2025-10,2025,10,-0.10183496783716653,0,False,False,True,0,No,12,False
Lahore,Pakistan,2025-11,2025,11,0.5247827698659366,2,False,True,True,0,No,12,False
Lahore,Pakistan,2025-12,2025,12,0.3858254495208814,2,False,True,True,0,No,12,False
Lahore,Pakistan,2026-01,2026,1,0.1252375753923342,1,False,False,True,0,No,6,True
Lahore,Pakistan,2026-02,2026,2,0.21936751877158284,0,False,False,True,0,No,6,True
Lahore,Pakistan,2026-03,2026,3,-0.7962412566843055,0,False,False,False,0,No,6,True
Lahore,Pakistan,2026-04,2026,4,-0.4533875838765201,1,False,False,False,0,No,6,True
Lahore,Pakistan,2026-05,2026,5,0.36390141014653493,1,False,False,False,0,No,6,True
Lahore,Pakistan,2026-06,2026,6,0.5411223362503719,2,False,True,False,0,No,6,True
Loni,India,2018-07,2018,7,-0.3571855467615209,1,False,False,False,0,No,6,True
Loni,India,2018-08,2018,8,-0.7233144800696517,0,False,False,False,0,No,6,True
Loni,India,2018-09,2018,9,-0.5340737421551387,0,False,False,False,0,No,6,True
Loni,India,2018-10,2018,10,0.5453536178571364,1,False,False,True,0,No,6,True
Loni,India,2018-11,2018,11,0.3728007868830116,1,False,False,True,0,No,6,True
Loni,India,2018-12,2018,12,0.6964193642461634,3,False,True,True,0,No,6,True
Loni,India,2019-01,2019,1,0.42871665113270324,1,False,False,True,0,No,12,False
Loni,India,2019-02,2019,2,0.14206689349207136,1,False,False,True,0,No,12,False
Loni,India,2019-03,2019,3,0.08545607617274922,0,False,False,False,0,No,12,False
Loni,India,2019-04,2019,4,0.40400626840474024,1,False,False,False,0,No,12,False
Loni,India,2019-05,2019,5,0.6325880070032023,2,False,True,False,0,No,12,False
Loni,India,2019-06,2019,6,0.34680553954508975,1,False,False,False,0,No,12,False
Loni,India,2019-07,2019,7,-0.608553857081722,0,False,False,False,0,No,12,False
Loni,India,2019-08,2019,8,-0.9411049954740136,0,False,False,False,0,No,12,False
Loni,India,2019-09,2019,9,-1.0943408458573833,0,False,False,False,0,No,12,False
Loni,India,2019-10,2019,10,0.05426034580357379,1,False,False,True,0,No,12,False
Loni,India,2019-11,2019,11,-0.24208062440938707,0,False,False,True,0,No,12,False
Loni,India,2019-12,2019,12,0.7921805412683763,3,False,True,True,0,No,12,False
Loni,India,2020-01,2020,1,0.525713865066391,2,False,True,True,0,No,12,False
Loni,India,2020-02,2020,2,0.5052419745571095,1,False,False,True,0,No,12,False
Loni,India,2020-03,2020,3,0.09250535028717516,1,False,False,False,0,No,12,False
Loni,India,2020-04,2020,4,0.16861033489699748,1,False,False,False,0,No,12,False
Loni,India,2020-05,2020,5,0.37609026574790716,1,False,False,False,0,No,12,False
Loni,India,2020-06,2020,6,-0.11823902281656624,0,False,False,False,0,No,12,False
Loni,India,2020-07,2020,7,-1.0835485759391,0,False,False,False,0,No,12,False
Loni,India,2020-08,2020,8,-1.4091728136848636,0,False,False,False,0,No,12,False
Loni,India,2020-09,2020,9,-0.7769806350053834,0,False,False,False,0,No,12,False
Loni,India,2020-10,2020,10,0.22065284140795982,2,False,True,True,0,No,12,False
Loni,India,2020-11,2020,11,1.0379132058859855,4,True,True,True,1,Yes,12,False
Loni,India,2020-12,2020,12,0.4612132095963858,2,False,True,True,0,No,12,False
Loni,India,2021-01,2021,1,-0.01801040892156096,1,False,False,True,0,No,12,False
Loni,India,2021-02,2021,2,0.40670004507796625,2,False,True,True,0,No,12,False
Loni,India,2021-03,2021,3,-0.03199777663346545,0,False,False,False,0,No,12,False
Loni,India,2021-04,2021,4,0.51102028799572,1,False,False,False,0,No,12,False
Loni,India,2021-05,2021,5,-0.1195053084137085,1,False,False,False,0,No,12,False
Loni,India,2021-06,2021,6,-0.3183878174518565,0,False,False,False,0,No,12,False
Loni,India,2021-07,2021,7,-0.6355926723361536,0,False,False,False,0,No,12,False
Loni,India,2021-08,2021,8,-0.6389027407841417,0,False,False,False,0,No,12,False
Loni,India,2021-09,2021,9,-0.9361138047396697,0,False,False,False,0,No,12,False
Loni,India,2021-10,2021,10,0.04474080999420873,1,False,False,True,0,No,12,False
Loni,India,2021-11,2021,11,0.8441112073573717,3,False,True,True,0,No,12,False
Loni,India,2021-12,2021,12,0.8919381788552911,3,False,True,True,0,No,12,False
Loni,India,2022-01,2022,1,0.29797594591146465,1,False,False,True,0,No,12,False
Loni,India,2022-02,2022,2,0.669075069385553,2,False,True,True,0,No,12,False
Loni,India,2022-03,2022,3,0.27830484558973384,0,False,False,False,0,No,12,False
Loni,India,2022-04,2022,4,0.6985711445959946,2,False,True,False,0,No,12,False
Loni,India,2022-05,2022,5,0.8029229770297647,2,False,True,False,0,No,12,False
Loni,India,2022-06,2022,6,-0.113022166721052,0,False,False,False,0,No,12,False
Loni,India,2022-07,2022,7,-1.0876715805232282,0,False,False,False,0,No,12,False
Loni,India,2022-08,2022,8,-1.1433990893252992,0,False,False,False,0,No,12,False
Loni,India,2022-09,2022,9,-0.8884915253801795,0,False,False,False,0,No,12,False
Loni,India,2022-10,2022,10,0.08353485461775173,1,False,False,True,0,No,12,False
Loni,India,2022-11,2022,11,0.19129729423402816,1,False,False,True,0,No,12,False
Loni,India,2022-12,2022,12,0.2109022305854765,2,False,True,True,0,No,12,False
Loni,India,2023-01,2023,1,0.10893496011872757,2,False,True,True,0,No,12,False
Loni,India,2023-02,2023,2,0.10050864227405217,1,False,False,True,0,No,12,False
Loni,India,2023-03,2023,3,-0.17862360259874555,0,False,False,False,0,No,12,False
Loni,India,2023-04,2023,4,0.5022917166905273,1,False,False,False,0,No,12,False
Loni,India,2023-05,2023,5,0.37590806167773394,2,False,True,False,0,No,12,False
Loni,India,2023-06,2023,6,-0.5177952482098522,0,False,False,False,0,No,12,False
Loni,India,2023-07,2023,7,-1.1334819800616323,0,False,False,False,0,No,12,False
Loni,India,2023-08,2023,8,-0.8524994782938589,0,False,False,False,0,No,12,False
Loni,India,2023-09,2023,9,-0.6764178971850179,0,False,False,False,0,No,12,False
Loni,India,2023-10,2023,10,0.17927179834380189,0,False,False,True,0,No,12,False
Loni,India,2023-11,2023,11,1.0947808674762338,2,True,True,True,1,Yes,12,False
Loni,India,2023-12,2023,12,0.9971221597680406,2,False,True,True,0,No,12,False
Loni,India,2024-01,2024,1,1.2560893650889853,2,True,True,True,1,Yes,12,False
Loni,India,2024-02,2024,2,0.058739936662229854,0,False,False,True,0,No,12,False
Loni,India,2024-03,2024,3,0.03919500530836109,0,False,False,False,0,No,12,False
Loni,India,2024-04,2024,4,0.445260270338011,1,False,False,False,0,No,12,False
Loni,India,2024-05,2024,5,0.7868329998920054,2,False,True,False,0,No,12,False
Loni,India,2024-06,2024,6,-0.10550152446740184,0,False,False,False,0,No,12,False
Loni,India,2024-07,2024,7,-0.970853092344424,0,False,False,False,0,No,12,False
Loni,India,2024-08,2024,8,-1.3035689126432977,0,False,False,False,0,No,12,False
Loni,India,2024-09,2024,9,-0.9035092973807206,0,False,False,False,0,No,12,False
Loni,India,2024-10,2024,10,-0.004289359872391785,0,False,False,True,0,No,12,False
Loni,India,2024-11,2024,11,0.591454108986302,2,False,True,True,0,No,12,False
Loni,India,2024-12,2024,12,0.1101505004323404,1,False,False,True,0,No,12,False
Loni,India,2025-01,2025,1,0.4864388883247943,1,False,False,True,0,No,12,False
Loni,India,2025-02,2025,2,0.029601632280910735,0,False,False,True,0,No,12,False
Loni,India,2025-03,2025,3,0.21461657568489034,1,False,False,False,0,No,12,False
Loni,India,2025-04,2025,4,0.9929355071409542,3,False,True,False,0,No,12,False
Loni,India,2025-05,2025,5,0.5188401130219351,1,False,False,False,0,No,12,False
Loni,India,2025-06,2025,6,-0.22517893320032306,0,False,False,False,0,No,12,False
Loni,India,2025-07,2025,7,-0.9111776438687919,0,False,False,False,0,No,12,False
Loni,India,2025-08,2025,8,-1.1485559206630298,0,False,False,False,0,No,12,False
Loni,India,2025-09,2025,9,-0.9026500641833808,0,False,False,False,0,No,12,False
Loni,India,2025-10,2025,10,-0.15291863480240217,0,False,False,True,0,No,12,False
Loni,India,2025-11,2025,11,0.9270562047679931,3,False,True,True,0,No,12,False
Loni,India,2025-12,2025,12,0.1709922754964423,1,False,False,True,0,No,12,False
Loni,India,2026-01,2026,1,-0.031743081338268773,1,False,False,True,0,No,6,True
Loni,India,2026-02,2026,2,-0.06683161025648379,0,False,False,True,0,No,6,True
Loni,India,2026-03,2026,3,0.09962431908583565,1,False,False,False,0,No,6,True
Loni,India,2026-04,2026,4,0.024436506447523165,0,False,False,False,0,No,6,True
Loni,India,2026-05,2026,5,0.5094921505027281,1,False,False,False,0,No,6,True
Loni,India,2026-06,2026,6,-0.5349782844413362,1,False,False,False,0,No,6,True
Noida,India,2018-07,2018,7,-0.3319878020095636,1,False,False,False,0,No,6,True
Noida,India,2018-08,2018,8,-0.8081050645869492,0,False,False,False,0,No,6,True
Noida,India,2018-09,2018,9,-0.41376768596955954,0,False,False,False,0,No,6,True
Noida,India,2018-10,2018,10,0.5191500254564406,1,False,False,True,0,No,6,True
Noida,India,2018-11,2018,11,0.3535333793832394,2,False,True,True,0,No,6,True
Noida,India,2018-12,2018,12,0.6811771477263885,3,False,True,True,0,No,6,True
Noida,India,2019-01,2019,1,0.46947989700365883,2,False,True,True,0,No,12,False
Noida,India,2019-02,2019,2,0.0033397708255672454,2,False,True,True,0,No,12,False
Noida,India,2019-03,2019,3,0.24969384351177096,1,False,False,False,0,No,12,False
Noida,India,2019-04,2019,4,0.43030946801039366,1,False,False,False,0,No,12,False
Noida,India,2019-05,2019,5,0.5368850589406519,1,False,False,False,0,No,12,False
Noida,India,2019-06,2019,6,0.3670623089334778,2,False,True,False,0,No,12,False
Noida,India,2019-07,2019,7,-0.7286192885062767,0,False,False,False,0,No,12,False
Noida,India,2019-08,2019,8,-0.9244396813101836,0,False,False,False,0,No,12,False
Noida,India,2019-09,2019,9,-1.0367220937759383,0,False,False,False,0,No,12,False
Noida,India,2019-10,2019,10,0.1658009785652765,1,False,False,True,0,No,12,False
Noida,India,2019-11,2019,11,-0.29611497581483837,0,False,False,True,0,No,12,False
Noida,India,2019-12,2019,12,0.7633247136164372,2,False,True,True,0,No,12,False
Noida,India,2020-01,2020,1,0.37655642191981575,1,False,False,True,0,No,12,False
Noida,India,2020-02,2020,2,0.5235178338787587,1,False,False,True,0,No,12,False
Noida,India,2020-03,2020,3,0.00841132760318324,1,False,False,False,0,No,12,False
Noida,India,2020-04,2020,4,0.19358461628703277,1,False,False,False,0,No,12,False
Noida,India,2020-05,2020,5,0.26992505015506996,1,False,False,False,0,No,12,False
Noida,India,2020-06,2020,6,-0.14545319249795274,1,False,False,False,0,No,12,False
Noida,India,2020-07,2020,7,-1.0969002976629996,0,False,False,False,0,No,12,False
Noida,India,2020-08,2020,8,-1.298252979704777,0,False,False,False,0,No,12,False
Noida,India,2020-09,2020,9,-0.5630158606530107,0,False,False,False,0,No,12,False
Noida,India,2020-10,2020,10,0.38536050844150616,2,False,True,True,0,No,12,False
Noida,India,2020-11,2020,11,0.7519887213611757,3,False,True,True,0,No,12,False
Noida,India,2020-12,2020,12,0.5942778508721993,2,False,True,True,0,No,12,False
Noida,India,2021-01,2021,1,-0.17105250567385144,1,False,False,True,0,No,12,False
Noida,India,2021-02,2021,2,0.21146173246291705,2,False,True,True,0,No,12,False
Noida,India,2021-03,2021,3,-0.019461432660373,0,False,False,False,0,No,12,False
Noida,India,2021-04,2021,4,0.5646449024118189,1,False,False,False,0,No,12,False
Noida,India,2021-05,2021,5,-0.15599939645213137,1,False,False,False,0,No,12,False
Noida,India,2021-06,2021,6,-0.31553434812077474,0,False,False,False,0,No,12,False
Noida,India,2021-07,2021,7,-0.6349959572276256,0,False,False,False,0,No,12,False
Noida,India,2021-08,2021,8,-0.5785116069116001,0,False,False,False,0,No,12,False
Noida,India,2021-09,2021,9,-0.9496005136488963,0,False,False,False,0,No,12,False
Noida,India,2021-10,2021,10,0.1255722943428632,1,False,False,True,0,No,12,False
Noida,India,2021-11,2021,11,0.9150211161549148,3,False,True,True,0,No,12,False
Noida,India,2021-12,2021,12,1.0084557153227411,3,True,True,True,1,Yes,12,False
Noida,India,2022-01,2022,1,0.34929727646007386,1,False,False,True,0,No,12,False
Noida,India,2022-02,2022,2,0.491439477888491,1,False,False,True,0,No,12,False
Noida,India,2022-03,2022,3,0.3928456845082309,0,False,False,False,0,No,12,False
Noida,India,2022-04,2022,4,0.47098930510648157,1,False,False,False,0,No,12,False
Noida,India,2022-05,2022,5,0.6282457003917594,1,False,False,False,0,No,12,False
Noida,India,2022-06,2022,6,-0.1387033462648757,0,False,False,False,0,No,12,False
Noida,India,2022-07,2022,7,-1.1390755928641225,0,False,False,False,0,No,12,False
Noida,India,2022-08,2022,8,-1.095745428466535,0,False,False,False,0,No,12,False
Noida,India,2022-09,2022,9,-0.6935209986050116,0,False,False,False,0,No,12,False
Noida,India,2022-10,2022,10,0.01287297941896653,1,False,False,True,0,No,12,False
Noida,India,2022-11,2022,11,0.3057777002461522,2,False,True,True,0,No,12,False
Noida,India,2022-12,2022,12,0.4155772421803861,2,False,True,True,0,No,12,False
Noida,India,2023-01,2023,1,0.22399433676761632,2,False,True,True,0,No,12,False
Noida,India,2023-02,2023,2,-0.08935152844131536,0,False,False,True,0,No,12,False
Noida,India,2023-03,2023,3,-0.21644373992419702,0,False,False,False,0,No,12,False
Noida,India,2023-04,2023,4,0.532166278958599,1,False,False,False,0,No,12,False
Noida,India,2023-05,2023,5,0.3130599135028972,2,False,True,False,0,No,12,False
Noida,India,2023-06,2023,6,-0.40439386567758573,0,False,False,False,0,No,12,False
Noida,India,2023-07,2023,7,-1.1871785550096967,0,False,False,False,0,No,12,False
Noida,India,2023-08,2023,8,-0.7397326438684877,0,False,False,False,0,No,12,False
Noida,India,2023-09,2023,9,-0.6959897745231511,0,False,False,False,0,No,12,False
Noida,India,2023-10,2023,10,0.34643073785408474,0,False,False,True,0,No,12,False
Noida,India,2023-11,2023,11,0.8497635062158218,2,False,True,True,0,No,12,False
Noida,India,2023-12,2023,12,1.067675334145415,3,True,True,True,1,Yes,12,False
Noida,India,2024-01,2024,1,0.9486506195218809,2,False,True,True,0,No,12,False
Noida,India,2024-02,2024,2,0.22653808700617736,0,False,False,True,0,No,12,False
Noida,India,2024-03,2024,3,0.26688601380831034,1,False,False,False,0,No,12,False
Noida,India,2024-04,2024,4,0.44817221658434914,1,False,False,False,0,No,12,False
Noida,India,2024-05,2024,5,0.8779040413022308,2,False,True,False,0,No,12,False
Noida,India,2024-06,2024,6,0.101530516249148,0,False,False,False,0,No,12,False
Noida,India,2024-07,2024,7,-1.190943078736956,0,False,False,False,0,No,12,False
Noida,India,2024-08,2024,8,-1.4037211115103787,0,False,False,False,0,No,12,False
Noida,India,2024-09,2024,9,-0.9280322214819202,0,False,False,False,0,No,12,False
Noida,India,2024-10,2024,10,-0.031156226766608654,0,False,False,True,0,No,12,False
Noida,India,2024-11,2024,11,0.5014993259077227,2,False,True,True,0,No,12,False
Noida,India,2024-12,2024,12,0.18267181811605016,1,False,False,True,0,No,12,False
Noida,India,2025-01,2025,1,0.3797982586349873,1,False,False,True,0,No,12,False
Noida,India,2025-02,2025,2,0.18810263463634197,0,False,False,True,0,No,12,False
Noida,India,2025-03,2025,3,0.16247077724600945,1,False,False,False,0,No,12,False
Noida,India,2025-04,2025,4,0.7953305004097139,3,False,True,False,0,No,12,False
Noida,India,2025-05,2025,5,0.3309174376788813,1,False,False,False,0,No,12,False
Noida,India,2025-06,2025,6,-0.1878761268478684,0,False,False,False,0,No,12,False
Noida,India,2025-07,2025,7,-0.9606281847788471,0,False,False,False,0,No,12,False
Noida,India,2025-08,2025,8,-1.1121931842834296,0,False,False,False,0,No,12,False
Noida,India,2025-09,2025,9,-0.747293874964029,0,False,False,False,0,No,12,False
Noida,India,2025-10,2025,10,-0.07524040245325686,0,False,False,True,0,No,12,False
Noida,India,2025-11,2025,11,1.0624833035064953,3,True,True,True,1,Yes,12,False
Noida,India,2025-12,2025,12,0.16412886121500742,1,False,False,True,0,No,12,False
Noida,India,2026-01,2026,1,0.04965499052508142,2,False,True,True,0,No,6,True
Noida,India,2026-02,2026,2,0.1291783257207971,0,False,False,True,0,No,6,True
Noida,India,2026-03,2026,3,-0.12170842577973126,0,False,False,False,0,No,6,True
Noida,India,2026-04,2026,4,0.24774717293362453,0,False,False,False,0,No,6,True
Noida,India,2026-05,2026,5,-0.10928486702725179,0,False,False,False,0,No,6,True
Noida,India,2026-06,2026,6,-0.19558719637251687,1,False,False,False,0,No,6,True
