City,Country,date,Year,Month,MPSI,N_elevated,cond1_MPSI,cond2_Nelev,cond3_window,SmogMonth,Formula detected Smog
Delhi,India,2018-07,2018,7,-0.6696914380145325,0,False,False,False,0,No
Delhi,India,2018-08,2018,8,-0.7541894915546519,0,False,False,False,0,No
Delhi,India,2018-09,2018,9,-0.6297933807448659,0,False,False,False,0,No
Delhi,India,2018-10,2018,10,0.2943396781593866,1,False,False,True,0,No
Delhi,India,2018-11,2018,11,0.04987256987152005,1,False,False,True,0,No
Delhi,India,2018-12,2018,12,0.19550841570422542,2,False,True,True,0,No
Delhi,India,2019-01,2019,1,0.2800008903936261,2,False,True,True,0,No
Delhi,India,2019-02,2019,2,0.13729185255664111,2,False,True,True,0,No
Delhi,India,2019-03,2019,3,-0.21559349949855652,0,False,False,False,0,No
Delhi,India,2019-04,2019,4,0.17205370668631398,0,False,False,False,0,No
Delhi,India,2019-05,2019,5,0.05154749015450109,0,False,False,False,0,No
Delhi,India,2019-06,2019,6,-0.024348064657735802,0,False,False,False,0,No
Delhi,India,2019-07,2019,7,-0.6934045058632233,0,False,False,False,0,No
Delhi,India,2019-08,2019,8,-0.930820978778543,0,False,False,False,0,No
Delhi,India,2019-09,2019,9,-0.849399491335047,0,False,False,False,0,No
Delhi,India,2019-10,2019,10,0.08567479584999026,1,False,False,True,0,No
Delhi,India,2019-11,2019,11,-0.6566654686048603,0,False,False,True,0,No
Delhi,India,2019-12,2019,12,1.0362511942853405,2,True,True,True,1,Yes
Delhi,India,2020-01,2020,1,0.12400634936697999,1,False,False,True,0,No
Delhi,India,2020-02,2020,2,0.22436387494170568,1,False,False,True,0,No
Delhi,India,2020-03,2020,3,-0.17340789454622527,1,False,False,False,0,No
Delhi,India,2020-04,2020,4,-0.33889921236799314,1,False,False,False,0,No
Delhi,India,2020-05,2020,5,-0.14115387760357398,0,False,False,False,0,No
Delhi,India,2020-06,2020,6,-0.5434026827744003,0,False,False,False,0,No
Delhi,India,2020-07,2020,7,-1.271745951292328,0,False,False,False,0,No
Delhi,India,2020-08,2020,8,-1.3183962010876393,0,False,False,False,0,No
Delhi,India,2020-09,2020,9,-0.7299856665272694,0,False,False,False,0,No
Delhi,India,2020-10,2020,10,0.0042659667316513605,1,False,False,True,0,No
Delhi,India,2020-11,2020,11,0.510636708882375,2,False,True,True,0,No
Delhi,India,2020-12,2020,12,0.26147600432153767,2,False,True,True,0,No
Delhi,India,2021-01,2021,1,-0.13379601636137933,2,False,True,True,0,No
Delhi,India,2021-02,2021,2,0.4003586321931934,2,False,True,True,0,No
Delhi,India,2021-03,2021,3,-0.0941333059747258,0,False,False,False,0,No
Delhi,India,2021-04,2021,4,0.3082810758008894,1,False,False,False,0,No
Delhi,India,2021-05,2021,5,-0.22288386327991433,0,False,False,False,0,No
Delhi,India,2021-06,2021,6,-0.38849487025378576,0,False,False,False,0,No
Delhi,India,2021-07,2021,7,-0.5502905624711222,0,False,False,False,0,No
Delhi,India,2021-08,2021,8,-0.5648990288706821,0,False,False,False,0,No
Delhi,India,2021-09,2021,9,-0.6902570324635546,0,False,False,False,0,No
Delhi,India,2021-10,2021,10,0.14805822645333927,0,False,False,True,0,No
Delhi,India,2021-11,2021,11,1.1776487660312278,4,True,True,True,1,Yes
Delhi,India,2021-12,2021,12,0.7809824402825573,2,False,True,True,0,No
Delhi,India,2022-01,2022,1,0.616129374241152,1,False,False,True,0,No
Delhi,India,2022-02,2022,2,0.534673930102398,1,False,False,True,0,No
Delhi,India,2022-03,2022,3,0.470216225782921,1,False,False,False,0,No
Delhi,India,2022-04,2022,4,0.6603630530314101,2,False,True,False,0,No
Delhi,India,2022-05,2022,5,0.7909281210626563,1,False,False,False,0,No
Delhi,India,2022-06,2022,6,0.1580252762058614,1,False,False,False,0,No
Delhi,India,2022-07,2022,7,-0.9232842089105091,0,False,False,False,0,No
Delhi,India,2022-08,2022,8,-0.9251256852602582,0,False,False,False,0,No
Delhi,India,2022-09,2022,9,-0.47690002429802425,0,False,False,False,0,No
Delhi,India,2022-10,2022,10,0.028870288391022524,1,False,False,True,0,No
Delhi,India,2022-11,2022,11,0.1266140407663477,0,False,False,True,0,No
Delhi,India,2022-12,2022,12,0.5146538398203969,2,False,True,True,0,No
Delhi,India,2023-01,2023,1,0.48910829695495084,2,False,True,True,0,No
Delhi,India,2023-02,2023,2,0.2249705340719183,0,False,False,True,0,No
Delhi,India,2023-03,2023,3,0.0357526819190017,0,False,False,False,0,No
Delhi,India,2023-04,2023,4,0.47607019905229164,1,False,False,False,0,No
Delhi,India,2023-05,2023,5,0.2059398977610119,1,False,False,False,0,No
Delhi,India,2023-06,2023,6,-0.44723420805015035,0,False,False,False,0,No
Delhi,India,2023-07,2023,7,-0.8796185487776134,0,False,False,False,0,No
Delhi,India,2023-08,2023,8,-0.5020751814142738,0,False,False,False,0,No
Delhi,India,2023-09,2023,9,-0.41369358926340755,0,False,False,False,0,No
Delhi,India,2023-10,2023,10,0.2794633805550708,1,False,False,True,0,No
Delhi,India,2023-11,2023,11,0.7406357580143309,2,False,True,True,0,No
Delhi,India,2023-12,2023,12,1.1927870366109725,3,True,True,True,1,Yes
Delhi,India,2024-01,2024,1,1.525372967627854,4,True,True,True,1,Yes
Delhi,India,2024-02,2024,2,0.524016438887601,2,False,True,True,0,No
Delhi,India,2024-03,2024,3,0.5984054693251808,2,False,True,False,0,No
Delhi,India,2024-04,2024,4,0.744623429627327,2,False,True,False,0,No
Delhi,India,2024-05,2024,5,1.165198740561814,3,True,True,False,0,No
Delhi,India,2024-06,2024,6,0.1190926911301895,1,False,False,False,0,No
Delhi,India,2024-07,2024,7,-0.9177113296454891,0,False,False,False,0,No
Delhi,India,2024-08,2024,8,-0.9260643474448098,0,False,False,False,0,No
Delhi,India,2024-09,2024,9,-0.5750632553291215,0,False,False,False,0,No
Delhi,India,2024-10,2024,10,0.188149613226236,0,False,False,True,0,No
Delhi,India,2024-11,2024,11,0.7508484611921213,2,False,True,True,0,No
Delhi,India,2024-12,2024,12,0.6010132767213577,2,False,True,True,0,No
Delhi,India,2025-01,2025,1,0.38783341161960616,0,False,False,True,0,No
Delhi,India,2025-02,2025,2,0.11345599932413945,0,False,False,True,0,No
Delhi,India,2025-03,2025,3,0.1245699291590929,1,False,False,False,0,No
Delhi,India,2025-04,2025,4,0.5509132702606774,2,False,True,False,0,No
Delhi,India,2025-05,2025,5,0.2431957330700171,1,False,False,False,0,No
Delhi,India,2025-06,2025,6,-0.10870662588028064,0,False,False,False,0,No
Delhi,India,2025-07,2025,7,-0.7749511541521793,0,False,False,False,0,No
Delhi,India,2025-08,2025,8,-0.8861863159934369,0,False,False,False,0,No
Delhi,India,2025-09,2025,9,-0.7312858516115427,0,False,False,False,0,No
Delhi,India,2025-10,2025,10,-0.14468662110644445,0,False,False,True,0,No
Delhi,India,2025-11,2025,11,0.41068284833214574,2,False,True,True,0,No
Delhi,India,2025-12,2025,12,-0.2803370455762469,0,False,False,True,0,No
Delhi,India,2026-01,2026,1,-0.019370087768533672,0,False,False,True,0,No
Delhi,India,2026-02,2026,2,0.039839774422151794,0,False,False,True,0,No
Delhi,India,2026-03,2026,3,0.0026431935170451283,1,False,False,False,0,No
Delhi,India,2026-04,2026,4,0.151730086295847,2,False,True,False,0,No
Delhi,India,2026-05,2026,5,0.3018379396828492,2,False,True,False,0,No
Delhi,India,2026-06,2026,6,0.1867027184149524,2,False,True,False,0,No
Dhaka,Bangladesh,2018-07,2018,7,-0.7211315984860086,0,False,False,False,0,No
Dhaka,Bangladesh,2018-08,2018,8,-0.7836072998142047,0,False,False,False,0,No
Dhaka,Bangladesh,2018-09,2018,9,-0.6733029691873575,0,False,False,False,0,No
Dhaka,Bangladesh,2018-10,2018,10,-0.2572613356952377,0,False,False,True,0,No
Dhaka,Bangladesh,2018-11,2018,11,0.53267274817988,2,False,True,True,0,No
Dhaka,Bangladesh,2018-12,2018,12,-0.393859807832699,0,False,False,True,0,No
Dhaka,Bangladesh,2019-01,2019,1,0.15222903764406528,2,False,True,True,0,No
Dhaka,Bangladesh,2019-02,2019,2,-0.22025635444855657,1,False,False,True,0,No
Dhaka,Bangladesh,2019-03,2019,3,0.10005793562840662,0,False,False,False,0,No
Dhaka,Bangladesh,2019-04,2019,4,-0.02393028222279301,0,False,False,False,0,No
Dhaka,Bangladesh,2019-05,2019,5,-0.09816372823341031,0,False,False,False,0,No
Dhaka,Bangladesh,2019-06,2019,6,-0.5622728416468838,0,False,False,False,0,No
Dhaka,Bangladesh,2019-07,2019,7,-0.8789454803148153,0,False,False,False,0,No
Dhaka,Bangladesh,2019-08,2019,8,-1.205032917288064,0,False,False,False,0,No
Dhaka,Bangladesh,2019-09,2019,9,-0.7039396893942929,0,False,False,False,0,No
Dhaka,Bangladesh,2019-10,2019,10,-0.45640458169348114,0,False,False,True,0,No
Dhaka,Bangladesh,2019-11,2019,11,-0.5074759313618307,1,False,False,True,0,No
Dhaka,Bangladesh,2019-12,2019,12,-0.20851833502502154,0,False,False,True,0,No
Dhaka,Bangladesh,2020-01,2020,1,-0.23031058356773526,0,False,False,True,0,No
Dhaka,Bangladesh,2020-02,2020,2,0.3149255085312471,0,False,False,True,0,No
Dhaka,Bangladesh,2020-03,2020,3,0.22501650866825532,0,False,False,False,0,No
Dhaka,Bangladesh,2020-04,2020,4,-0.04777576944568229,1,False,False,False,0,No
Dhaka,Bangladesh,2020-05,2020,5,-0.3087074786864794,0,False,False,False,0,No
Dhaka,Bangladesh,2020-06,2020,6,-1.006521705172728,0,False,False,False,0,No
Dhaka,Bangladesh,2020-07,2020,7,-1.3580853021193358,0,False,False,False,0,No
Dhaka,Bangladesh,2020-08,2020,8,-1.0960853249371971,0,False,False,False,0,No
Dhaka,Bangladesh,2020-09,2020,9,-0.8502963288116423,0,False,False,False,0,No
Dhaka,Bangladesh,2020-10,2020,10,-0.500325440676138,1,False,False,True,0,No
Dhaka,Bangladesh,2020-11,2020,11,0.013658752922624019,1,False,False,True,0,No
Dhaka,Bangladesh,2020-12,2020,12,0.08572332703331624,2,False,True,True,0,No
Dhaka,Bangladesh,2021-01,2021,1,0.37575798783641334,3,False,True,True,0,No
Dhaka,Bangladesh,2021-02,2021,2,0.8203901423881621,3,False,True,True,0,No
Dhaka,Bangladesh,2021-03,2021,3,0.9582600346040188,3,False,True,False,0,No
Dhaka,Bangladesh,2021-04,2021,4,0.7396099256020207,2,False,True,False,0,No
Dhaka,Bangladesh,2021-05,2021,5,-0.346295687621645,0,False,False,False,0,No
Dhaka,Bangladesh,2021-06,2021,6,-0.7561488107233096,0,False,False,False,0,No
Dhaka,Bangladesh,2021-07,2021,7,-0.8374808498216206,0,False,False,False,0,No
Dhaka,Bangladesh,2021-08,2021,8,-0.6335868562477308,0,False,False,False,0,No
Dhaka,Bangladesh,2021-09,2021,9,-0.34571561334580864,0,False,False,False,0,No
Dhaka,Bangladesh,2021-10,2021,10,0.08906918006219332,0,False,False,True,0,No
Dhaka,Bangladesh,2021-11,2021,11,0.6792924692397172,1,False,False,True,0,No
Dhaka,Bangladesh,2021-12,2021,12,0.4402135016845913,1,False,False,True,0,No
Dhaka,Bangladesh,2022-01,2022,1,0.8315942780718218,2,False,True,True,0,No
Dhaka,Bangladesh,2022-02,2022,2,1.1324037202851445,3,True,True,True,1,Yes
Dhaka,Bangladesh,2022-03,2022,3,1.3281954427287268,4,True,True,False,0,No
Dhaka,Bangladesh,2022-04,2022,4,1.0103338570522913,2,True,True,False,0,No
Dhaka,Bangladesh,2022-05,2022,5,0.41366677042922967,1,False,False,False,0,No
Dhaka,Bangladesh,2022-06,2022,6,-0.05373806918645896,1,False,False,False,0,No
Dhaka,Bangladesh,2022-07,2022,7,-0.6226914004263706,0,False,False,False,0,No
Dhaka,Bangladesh,2022-08,2022,8,-0.7123278960823713,0,False,False,False,0,No
Dhaka,Bangladesh,2022-09,2022,9,-0.3372001829805039,0,False,False,False,0,No
Dhaka,Bangladesh,2022-10,2022,10,-0.14300025219435297,0,False,False,True,0,No
Dhaka,Bangladesh,2022-11,2022,11,0.47472004207345353,2,False,True,True,0,No
Dhaka,Bangladesh,2022-12,2022,12,0.49928216869860326,2,False,True,True,0,No
Dhaka,Bangladesh,2023-01,2023,1,0.7524913316335671,3,False,True,True,0,No
Dhaka,Bangladesh,2023-02,2023,2,0.79430772196374,3,False,True,True,0,No
Dhaka,Bangladesh,2023-03,2023,3,0.5330406598579325,1,False,False,False,0,No
Dhaka,Bangladesh,2023-04,2023,4,0.6610867422613113,2,False,True,False,0,No
Dhaka,Bangladesh,2023-05,2023,5,0.3975811547760369,1,False,False,False,0,No
Dhaka,Bangladesh,2023-06,2023,6,-0.314936494510165,0,False,False,False,0,No
Dhaka,Bangladesh,2023-07,2023,7,-0.7520163091156113,0,False,False,False,0,No
Dhaka,Bangladesh,2023-08,2023,8,-0.5288588830847867,0,False,False,False,0,No
Dhaka,Bangladesh,2023-09,2023,9,-0.4188204626235053,0,False,False,False,0,No
Dhaka,Bangladesh,2023-10,2023,10,-0.07383610111689035,0,False,False,True,0,No
Dhaka,Bangladesh,2023-11,2023,11,0.16663630957263448,1,False,False,True,0,No
Dhaka,Bangladesh,2023-12,2023,12,0.27366148668112755,0,False,False,True,0,No
Dhaka,Bangladesh,2024-01,2024,1,0.7697416530156549,1,False,False,True,0,No
Dhaka,Bangladesh,2024-02,2024,2,0.5519631409791786,1,False,False,True,0,No
Dhaka,Bangladesh,2024-03,2024,3,0.7679773489653494,1,False,False,False,0,No
Dhaka,Bangladesh,2024-04,2024,4,1.0075051162434128,4,True,True,False,0,No
Dhaka,Bangladesh,2024-05,2024,5,0.5311970975246586,2,False,True,False,0,No
Dhaka,Bangladesh,2024-06,2024,6,-0.17276423006399844,1,False,False,False,0,No
Dhaka,Bangladesh,2024-07,2024,7,-0.6633920960941057,0,False,False,False,0,No
Dhaka,Bangladesh,2024-08,2024,8,-0.6823744920591646,0,False,False,False,0,No
Dhaka,Bangladesh,2024-09,2024,9,-0.42786461954406035,0,False,False,False,0,No
Dhaka,Bangladesh,2024-10,2024,10,-0.15358413679541144,0,False,False,True,0,No
Dhaka,Bangladesh,2024-11,2024,11,0.10062547341987997,1,False,False,True,0,No
Dhaka,Bangladesh,2024-12,2024,12,0.36895835607776284,0,False,False,True,0,No
Dhaka,Bangladesh,2025-01,2025,1,0.552260306538858,1,False,False,True,0,No
Dhaka,Bangladesh,2025-02,2025,2,0.6783404315952909,3,False,True,True,0,No
Dhaka,Bangladesh,2025-03,2025,3,0.8394690205025416,3,False,True,False,0,No
Dhaka,Bangladesh,2025-04,2025,4,0.6870053335242817,2,False,True,False,0,No
Dhaka,Bangladesh,2025-05,2025,5,0.19387394908275185,1,False,False,False,0,No
Dhaka,Bangladesh,2025-06,2025,6,-0.45450908259509354,0,False,False,False,0,No
Dhaka,Bangladesh,2025-07,2025,7,-0.48462798958616443,0,False,False,False,0,No
Dhaka,Bangladesh,2025-08,2025,8,-0.6044305969158819,0,False,False,False,0,No
Dhaka,Bangladesh,2025-09,2025,9,-0.6001137943729731,0,False,False,False,0,No
Dhaka,Bangladesh,2025-10,2025,10,-0.24388562561341703,0,False,False,True,0,No
Dhaka,Bangladesh,2025-11,2025,11,-0.11765744199577374,1,False,False,True,0,No
Dhaka,Bangladesh,2025-12,2025,12,0.11019532618527919,1,False,False,True,0,No
Dhaka,Bangladesh,2026-01,2026,1,0.3778618467500869,1,False,False,True,0,No
Dhaka,Bangladesh,2026-02,2026,2,0.5907873604682011,1,False,False,True,0,No
Dhaka,Bangladesh,2026-03,2026,3,0.5107204668889717,1,False,False,False,0,No
Dhaka,Bangladesh,2026-04,2026,4,0.5748790314398134,2,False,True,False,0,No
Dhaka,Bangladesh,2026-05,2026,5,0.2987695342649008,1,False,False,False,0,No
Dhaka,Bangladesh,2026-06,2026,6,0.2660595212013405,2,False,True,False,0,No
Dushanbe,Tajikistan,2018-07,2018,7,-0.2709489650585866,1,False,False,False,0,No
Dushanbe,Tajikistan,2018-08,2018,8,-0.23574451004304092,0,False,False,False,0,No
Dushanbe,Tajikistan,2018-09,2018,9,-0.4174952195990154,0,False,False,False,0,No
Dushanbe,Tajikistan,2018-10,2018,10,-0.30331112663037213,0,False,False,True,0,No
Dushanbe,Tajikistan,2018-11,2018,11,-0.08695148823433865,0,False,False,True,0,No
Dushanbe,Tajikistan,2018-12,2018,12,0.18380179682845837,0,False,False,True,0,No
Dushanbe,Tajikistan,2019-01,2019,1,-0.03510008125113031,1,False,False,True,0,No
Dushanbe,Tajikistan,2019-02,2019,2,0.10181194316403089,1,False,False,True,0,No
Dushanbe,Tajikistan,2019-03,2019,3,-0.24972758396155603,0,False,False,False,0,No
Dushanbe,Tajikistan,2019-04,2019,4,-0.5240683818686837,0,False,False,False,0,No
Dushanbe,Tajikistan,2019-05,2019,5,-0.42774094554413616,0,False,False,False,0,No
Dushanbe,Tajikistan,2019-06,2019,6,-0.5682961840695142,0,False,False,False,0,No
Dushanbe,Tajikistan,2019-07,2019,7,-0.5063850894226822,0,False,False,False,0,No
Dushanbe,Tajikistan,2019-08,2019,8,-0.33451880548300034,0,False,False,False,0,No
Dushanbe,Tajikistan,2019-09,2019,9,-0.6995789864954991,0,False,False,False,0,No
Dushanbe,Tajikistan,2019-10,2019,10,-0.7225318958849325,0,False,False,True,0,No
Dushanbe,Tajikistan,2019-11,2019,11,0.17718091012340104,1,False,False,True,0,No
Dushanbe,Tajikistan,2019-12,2019,12,0.08967531655240477,1,False,False,True,0,No
Dushanbe,Tajikistan,2020-01,2020,1,1.62775180211355,4,True,True,True,1,Yes
Dushanbe,Tajikistan,2020-02,2020,2,0.12086750449379528,0,False,False,True,0,No
Dushanbe,Tajikistan,2020-03,2020,3,-0.23906040424184485,0,False,False,False,0,No
Dushanbe,Tajikistan,2020-04,2020,4,-0.18780312961723764,1,False,False,False,0,No
Dushanbe,Tajikistan,2020-05,2020,5,-0.7033751596183231,0,False,False,False,0,No
Dushanbe,Tajikistan,2020-06,2020,6,-0.8524184246340573,0,False,False,False,0,No
Dushanbe,Tajikistan,2020-07,2020,7,-0.9910424874630172,0,False,False,False,0,No
Dushanbe,Tajikistan,2020-08,2020,8,-0.8377885244957056,0,False,False,False,0,No
Dushanbe,Tajikistan,2020-09,2020,9,-0.487625453985134,0,False,False,False,0,No
Dushanbe,Tajikistan,2020-10,2020,10,-0.1619045212729982,0,False,False,True,0,No
Dushanbe,Tajikistan,2020-11,2020,11,0.13182354134066862,1,False,False,True,0,No
Dushanbe,Tajikistan,2020-12,2020,12,0.614954112094632,1,False,False,True,0,No
Dushanbe,Tajikistan,2021-01,2021,1,0.498257089416672,1,False,False,True,0,No
Dushanbe,Tajikistan,2021-02,2021,2,-0.22299699265839878,0,False,False,True,0,No
Dushanbe,Tajikistan,2021-03,2021,3,-0.024331871691321137,2,False,True,False,0,No
Dushanbe,Tajikistan,2021-04,2021,4,-0.3233969721745617,0,False,False,False,0,No
Dushanbe,Tajikistan,2021-05,2021,5,-0.7299775791696207,0,False,False,False,0,No
Dushanbe,Tajikistan,2021-06,2021,6,-0.6908615585909871,0,False,False,False,0,No
Dushanbe,Tajikistan,2021-07,2021,7,-0.2720687022948703,1,False,False,False,0,No
Dushanbe,Tajikistan,2021-08,2021,8,0.4421774890092989,2,False,True,False,0,No
Dushanbe,Tajikistan,2021-09,2021,9,0.02398300047885611,1,False,False,False,0,No
Dushanbe,Tajikistan,2021-10,2021,10,0.12377225251122315,0,False,False,True,0,No
Dushanbe,Tajikistan,2021-11,2021,11,0.5340751195425496,1,False,False,True,0,No
Dushanbe,Tajikistan,2021-12,2021,12,0.6311913740515801,1,False,False,True,0,No
Dushanbe,Tajikistan,2022-01,2022,1,0.3972510943682875,0,False,False,True,0,No
Dushanbe,Tajikistan,2022-02,2022,2,0.3796801586007117,1,False,False,True,0,No
Dushanbe,Tajikistan,2022-03,2022,3,-0.13859692247571198,0,False,False,False,0,No
Dushanbe,Tajikistan,2022-04,2022,4,-0.2613255839561937,0,False,False,False,0,No
Dushanbe,Tajikistan,2022-05,2022,5,-0.5118334580126385,0,False,False,False,0,No
Dushanbe,Tajikistan,2022-06,2022,6,-0.3870633433612778,1,False,False,False,0,No
Dushanbe,Tajikistan,2022-07,2022,7,-0.16858916331953705,1,False,False,False,0,No
Dushanbe,Tajikistan,2022-08,2022,8,-0.3408247335639201,1,False,False,False,0,No
Dushanbe,Tajikistan,2022-09,2022,9,-0.45652327857461233,1,False,False,False,0,No
Dushanbe,Tajikistan,2022-10,2022,10,-0.7201572473580768,0,False,False,True,0,No
Dushanbe,Tajikistan,2022-11,2022,11,-0.3816011031460877,0,False,False,True,0,No
Dushanbe,Tajikistan,2022-12,2022,12,0.991322610335019,2,False,True,True,0,No
Dushanbe,Tajikistan,2023-01,2023,1,1.3023343252802309,4,True,True,True,1,Yes
Dushanbe,Tajikistan,2023-02,2023,2,-0.122291554264876,0,False,False,True,0,No
Dushanbe,Tajikistan,2023-03,2023,3,-0.49462036774078066,0,False,False,False,0,No
Dushanbe,Tajikistan,2023-04,2023,4,-0.20064137186794423,0,False,False,False,0,No
Dushanbe,Tajikistan,2023-05,2023,5,-0.06019538548338543,0,False,False,False,0,No
Dushanbe,Tajikistan,2023-06,2023,6,-0.04363651053158461,1,False,False,False,0,No
Dushanbe,Tajikistan,2023-07,2023,7,0.06741994630938661,1,False,False,False,0,No
Dushanbe,Tajikistan,2023-08,2023,8,-0.08314108285353741,1,False,False,False,0,No
Dushanbe,Tajikistan,2023-09,2023,9,-0.18124321394550727,1,False,False,False,0,No
Dushanbe,Tajikistan,2023-10,2023,10,-0.037510584509977705,0,False,False,True,0,No
Dushanbe,Tajikistan,2023-11,2023,11,0.1239229635151283,1,False,False,True,0,No
Dushanbe,Tajikistan,2023-12,2023,12,0.9589991308275068,2,False,True,True,0,No
Dushanbe,Tajikistan,2024-01,2024,1,1.2475651464369666,3,True,True,True,1,Yes
Dushanbe,Tajikistan,2024-02,2024,2,1.3613561918687327,3,True,True,True,1,Yes
Dushanbe,Tajikistan,2024-03,2024,3,0.6068572425177651,2,False,True,False,0,No
Dushanbe,Tajikistan,2024-04,2024,4,0.22474302005425098,1,False,False,False,0,No
Dushanbe,Tajikistan,2024-05,2024,5,-0.17466925046718879,0,False,False,False,0,No
Dushanbe,Tajikistan,2024-06,2024,6,-0.08663483465169133,0,False,False,False,0,No
Dushanbe,Tajikistan,2024-07,2024,7,-0.17388900866269513,1,False,False,False,0,No
Dushanbe,Tajikistan,2024-08,2024,8,-0.004926986150117907,1,False,False,False,0,No
Dushanbe,Tajikistan,2024-09,2024,9,-0.020937201309576235,0,False,False,False,0,No
Dushanbe,Tajikistan,2024-10,2024,10,-0.3717084003137384,0,False,False,True,0,No
Dushanbe,Tajikistan,2024-11,2024,11,-0.26410898781079684,0,False,False,True,0,No
Dushanbe,Tajikistan,2024-12,2024,12,1.14346766790549,3,True,True,True,1,Yes
Dushanbe,Tajikistan,2025-01,2025,1,1.761125144611165,4,True,True,True,1,Yes
Dushanbe,Tajikistan,2025-02,2025,2,0.5738337437481447,2,False,True,True,0,No
Dushanbe,Tajikistan,2025-03,2025,3,0.025424129922748718,1,False,False,False,0,No
Dushanbe,Tajikistan,2025-04,2025,4,-0.11733982622264545,0,False,False,False,0,No
Dushanbe,Tajikistan,2025-05,2025,5,-0.19426562543706655,1,False,False,False,0,No
Dushanbe,Tajikistan,2025-06,2025,6,0.11445100376343867,0,False,False,False,0,No
Dushanbe,Tajikistan,2025-07,2025,7,0.17028686009925434,1,False,False,False,0,No
Dushanbe,Tajikistan,2025-08,2025,8,0.3972121698607027,3,False,True,False,0,No
Dushanbe,Tajikistan,2025-09,2025,9,-0.01704789681741692,1,False,False,False,0,No
Dushanbe,Tajikistan,2025-10,2025,10,-0.38899669278501753,0,False,False,True,0,No
Dushanbe,Tajikistan,2025-11,2025,11,1.1050817358219802,2,True,True,True,1,Yes
Dushanbe,Tajikistan,2025-12,2025,12,0.7022059550574288,2,False,True,True,0,No
Dushanbe,Tajikistan,2026-01,2026,1,0.8934647722670274,2,False,True,True,0,No
Dushanbe,Tajikistan,2026-02,2026,2,-0.05728208386218597,0,False,False,True,0,No
Dushanbe,Tajikistan,2026-03,2026,3,-0.23097673435436333,1,False,False,False,0,No
Dushanbe,Tajikistan,2026-04,2026,4,-0.3442700195383125,0,False,False,False,0,No
Dushanbe,Tajikistan,2026-05,2026,5,-0.2923782006576848,0,False,False,False,0,No
Dushanbe,Tajikistan,2026-06,2026,6,-0.41305056543178154,0,False,False,False,0,No
Faisalabad,Pakistan,2018-07,2018,7,-0.42290642268162254,0,False,False,False,0,No
Faisalabad,Pakistan,2018-08,2018,8,-0.5407342333842267,0,False,False,False,0,No
Faisalabad,Pakistan,2018-09,2018,9,-0.5103266235604944,0,False,False,False,0,No
Faisalabad,Pakistan,2018-10,2018,10,0.14145020260491287,0,False,False,True,0,No
Faisalabad,Pakistan,2018-11,2018,11,-0.13333147395393743,1,False,False,True,0,No
Faisalabad,Pakistan,2018-12,2018,12,0.46731343663503333,2,False,True,True,0,No
Faisalabad,Pakistan,2019-01,2019,1,-0.009558155139300206,0,False,False,True,0,No
Faisalabad,Pakistan,2019-02,2019,2,-0.6464709512704478,0,False,False,True,0,No
Faisalabad,Pakistan,2019-03,2019,3,-0.6281383017619218,0,False,False,False,0,No
Faisalabad,Pakistan,2019-04,2019,4,-0.45123879040781034,0,False,False,False,0,No
Faisalabad,Pakistan,2019-05,2019,5,0.012464908062624059,0,False,False,False,0,No
Faisalabad,Pakistan,2019-06,2019,6,-0.018004350476492993,0,False,False,False,0,No
Faisalabad,Pakistan,2019-07,2019,7,-0.8308967203277214,0,False,False,False,0,No
Faisalabad,Pakistan,2019-08,2019,8,-0.9385963911997791,0,False,False,False,0,No
Faisalabad,Pakistan,2019-09,2019,9,-0.8733283162467457,0,False,False,False,0,No
Faisalabad,Pakistan,2019-10,2019,10,-0.6713381572845296,0,False,False,True,0,No
Faisalabad,Pakistan,2019-11,2019,11,-0.6913166904717728,0,False,False,True,0,No
Faisalabad,Pakistan,2019-12,2019,12,0.6271715664022969,2,False,True,True,0,No
Faisalabad,Pakistan,2020-01,2020,1,0.15019476039543114,2,False,True,True,0,No
Faisalabad,Pakistan,2020-02,2020,2,-0.08130481883120769,1,False,False,True,0,No
Faisalabad,Pakistan,2020-03,2020,3,-0.49136008115279906,1,False,False,False,0,No
Faisalabad,Pakistan,2020-04,2020,4,-0.49559756882405315,1,False,False,False,0,No
Faisalabad,Pakistan,2020-05,2020,5,-0.12718917386195835,0,False,False,False,0,No
Faisalabad,Pakistan,2020-06,2020,6,-0.517474917156511,0,False,False,False,0,No
Faisalabad,Pakistan,2020-07,2020,7,-1.0406398615965446,0,False,False,False,0,No
Faisalabad,Pakistan,2020-08,2020,8,-1.4797334681026164,0,False,False,False,0,No
Faisalabad,Pakistan,2020-09,2020,9,-0.8873468030550045,0,False,False,False,0,No
Faisalabad,Pakistan,2020-10,2020,10,-0.5742302743878362,0,False,False,True,0,No
Faisalabad,Pakistan,2020-11,2020,11,0.27812764582564986,2,False,True,True,0,No
Faisalabad,Pakistan,2020-12,2020,12,0.6315279610932786,2,False,True,True,0,No
Faisalabad,Pakistan,2021-01,2021,1,0.2719917436037078,2,False,True,True,0,No
Faisalabad,Pakistan,2021-02,2021,2,0.010210347325834724,1,False,False,True,0,No
Faisalabad,Pakistan,2021-03,2021,3,-0.3358537547673749,1,False,False,False,0,No
Faisalabad,Pakistan,2021-04,2021,4,0.10287228979034233,1,False,False,False,0,No
Faisalabad,Pakistan,2021-05,2021,5,0.10811826448119521,0,False,False,False,0,No
Faisalabad,Pakistan,2021-06,2021,6,-0.17169795015511366,0,False,False,False,0,No
Faisalabad,Pakistan,2021-07,2021,7,-0.2563627475173528,0,False,False,False,0,No
Faisalabad,Pakistan,2021-08,2021,8,-0.05430717453284519,0,False,False,False,0,No
Faisalabad,Pakistan,2021-09,2021,9,-0.5281627034103407,0,False,False,False,0,No
Faisalabad,Pakistan,2021-10,2021,10,0.09816334001041502,1,False,False,True,0,No
Faisalabad,Pakistan,2021-11,2021,11,0.8235441926656284,4,False,True,True,0,No
Faisalabad,Pakistan,2021-12,2021,12,1.2482314031731678,3,True,True,True,1,Yes
Faisalabad,Pakistan,2022-01,2022,1,0.7928358769250758,2,False,True,True,0,No
Faisalabad,Pakistan,2022-02,2022,2,0.698819771347896,2,False,True,True,0,No
Faisalabad,Pakistan,2022-03,2022,3,0.5147346344481183,0,False,False,False,0,No
Faisalabad,Pakistan,2022-04,2022,4,0.7490635526452829,1,False,False,False,0,No
Faisalabad,Pakistan,2022-05,2022,5,0.8149976015355247,2,False,True,False,0,No
Faisalabad,Pakistan,2022-06,2022,6,0.41388130977345144,1,False,False,False,0,No
Faisalabad,Pakistan,2022-07,2022,7,-0.7163597797540417,0,False,False,False,0,No
Faisalabad,Pakistan,2022-08,2022,8,-0.9146756744795477,0,False,False,False,0,No
Faisalabad,Pakistan,2022-09,2022,9,-0.47006434422707494,0,False,False,False,0,No
Faisalabad,Pakistan,2022-10,2022,10,-0.047588000164645726,1,False,False,True,0,No
Faisalabad,Pakistan,2022-11,2022,11,0.03674590838565591,0,False,False,True,0,No
Faisalabad,Pakistan,2022-12,2022,12,0.30728603539248167,2,False,True,True,0,No
Faisalabad,Pakistan,2023-01,2023,1,0.5291260365156661,2,False,True,True,0,No
Faisalabad,Pakistan,2023-02,2023,2,-0.2173746127824862,0,False,False,True,0,No
Faisalabad,Pakistan,2023-03,2023,3,-0.4821762968463217,0,False,False,False,0,No
Faisalabad,Pakistan,2023-04,2023,4,0.16785699903416812,1,False,False,False,0,No
Faisalabad,Pakistan,2023-05,2023,5,0.33765902758098376,2,False,True,False,0,No
Faisalabad,Pakistan,2023-06,2023,6,-0.09073619099062331,0,False,False,False,0,No
Faisalabad,Pakistan,2023-07,2023,7,-0.5551929582635625,0,False,False,False,0,No
Faisalabad,Pakistan,2023-08,2023,8,-0.30917989522257716,1,False,False,False,0,No
Faisalabad,Pakistan,2023-09,2023,9,-0.344029567706592,0,False,False,False,0,No
Faisalabad,Pakistan,2023-10,2023,10,0.15454036263428877,1,False,False,True,0,No
Faisalabad,Pakistan,2023-11,2023,11,0.7903455101670969,1,False,False,True,0,No
Faisalabad,Pakistan,2023-12,2023,12,1.2614369659958284,1,True,False,True,0,No
Faisalabad,Pakistan,2024-01,2024,1,1.6013134942879415,4,True,True,True,1,Yes
Faisalabad,Pakistan,2024-02,2024,2,0.49450790671187067,1,False,False,True,0,No
Faisalabad,Pakistan,2024-03,2024,3,0.06485758761593427,1,False,False,False,0,No
Faisalabad,Pakistan,2024-04,2024,4,0.6874815299562275,1,False,False,False,0,No
Faisalabad,Pakistan,2024-05,2024,5,0.9912970261321542,4,False,True,False,0,No
Faisalabad,Pakistan,2024-06,2024,6,0.47179031531223636,1,False,False,False,0,No
Faisalabad,Pakistan,2024-07,2024,7,-0.4738870076627033,0,False,False,False,0,No
Faisalabad,Pakistan,2024-08,2024,8,-0.9076862021776693,0,False,False,False,0,No
Faisalabad,Pakistan,2024-09,2024,9,-0.2761506458253211,0,False,False,False,0,No
Faisalabad,Pakistan,2024-10,2024,10,0.2510436174296066,1,False,False,True,0,No
Faisalabad,Pakistan,2024-11,2024,11,1.4539015045287664,2,True,True,True,1,Yes
Faisalabad,Pakistan,2024-12,2024,12,0.6522558236230387,2,False,True,True,0,No
Faisalabad,Pakistan,2025-01,2025,1,0.4252163766923246,0,False,False,True,0,No
Faisalabad,Pakistan,2025-02,2025,2,0.09291625562487262,1,False,False,True,0,No
Faisalabad,Pakistan,2025-03,2025,3,-0.06625200467006773,1,False,False,False,0,No
Faisalabad,Pakistan,2025-04,2025,4,0.6238744419556806,2,False,True,False,0,No
Faisalabad,Pakistan,2025-05,2025,5,0.7526493978643082,2,False,True,False,0,No
Faisalabad,Pakistan,2025-06,2025,6,0.11076332305260708,0,False,False,False,0,No
Faisalabad,Pakistan,2025-07,2025,7,-0.6403561564897855,0,False,False,False,0,No
Faisalabad,Pakistan,2025-08,2025,8,-0.7993081518197334,0,False,False,False,0,No
Faisalabad,Pakistan,2025-09,2025,9,-0.7069709492323716,0,False,False,False,0,No
Faisalabad,Pakistan,2025-10,2025,10,-0.07407117178765366,0,False,False,True,0,No
Faisalabad,Pakistan,2025-11,2025,11,0.22882317622817516,0,False,False,True,0,No
Faisalabad,Pakistan,2025-12,2025,12,0.03505725737114191,1,False,False,True,0,No
Faisalabad,Pakistan,2026-01,2026,1,0.39467884732952063,1,False,False,True,0,No
Faisalabad,Pakistan,2026-02,2026,2,0.09458877898964213,0,False,False,True,0,No
Faisalabad,Pakistan,2026-03,2026,3,-0.4124038048425856,1,False,False,False,0,No
Faisalabad,Pakistan,2026-04,2026,4,0.07933227132178966,1,False,False,False,0,No
Faisalabad,Pakistan,2026-05,2026,5,0.5170794749646752,2,False,True,False,0,No
Faisalabad,Pakistan,2026-06,2026,6,0.3477702290201936,1,False,False,False,0,No
Gurugram,India,2018-07,2018,7,-0.6609674524770306,0,False,False,False,0,No
Gurugram,India,2018-08,2018,8,-0.8389256486769966,0,False,False,False,0,No
Gurugram,India,2018-09,2018,9,-0.5902929614474722,0,False,False,False,0,No
Gurugram,India,2018-10,2018,10,0.12527298693492966,0,False,False,True,0,No
Gurugram,India,2018-11,2018,11,-0.10618792479296409,0,False,False,True,0,No
Gurugram,India,2018-12,2018,12,0.13491327780480925,2,False,True,True,0,No
Gurugram,India,2019-01,2019,1,0.10912995989176155,2,False,True,True,0,No
Gurugram,India,2019-02,2019,2,-0.2524959618334758,1,False,False,True,0,No
Gurugram,India,2019-03,2019,3,-0.25801148614426844,0,False,False,False,0,No
Gurugram,India,2019-04,2019,4,0.2847877228365744,0,False,False,False,0,No
Gurugram,India,2019-05,2019,5,-0.039310249009273115,0,False,False,False,0,No
Gurugram,India,2019-06,2019,6,0.045776525812055754,0,False,False,False,0,No
Gurugram,India,2019-07,2019,7,-0.9268464850747635,0,False,False,False,0,No
Gurugram,India,2019-08,2019,8,-1.0984808674792936,0,False,False,False,0,No
Gurugram,India,2019-09,2019,9,-0.9939665627024302,0,False,False,False,0,No
Gurugram,India,2019-10,2019,10,-0.1264782996656066,1,False,False,True,0,No
Gurugram,India,2019-11,2019,11,-0.48990236457444336,1,False,False,True,0,No
Gurugram,India,2019-12,2019,12,0.7057315783088233,2,False,True,True,0,No
Gurugram,India,2020-01,2020,1,0.09795814954046449,1,False,False,True,0,No
Gurugram,India,2020-02,2020,2,0.21925089766562209,2,False,True,True,0,No
Gurugram,India,2020-03,2020,3,-0.14116741007627193,1,False,False,False,0,No
Gurugram,India,2020-04,2020,4,-0.042115457307818516,1,False,False,False,0,No
Gurugram,India,2020-05,2020,5,-0.03396869945605931,0,False,False,False,0,No
Gurugram,India,2020-06,2020,6,-0.5570826264837923,0,False,False,False,0,No
Gurugram,India,2020-07,2020,7,-1.301312050294343,0,False,False,False,0,No
Gurugram,India,2020-08,2020,8,-1.5058185495586485,0,False,False,False,0,No
Gurugram,India,2020-09,2020,9,-0.8484992183337532,0,False,False,False,0,No
Gurugram,India,2020-10,2020,10,0.10432957583101916,1,False,False,True,0,No
Gurugram,India,2020-11,2020,11,0.5273409238213199,2,False,True,True,0,No
Gurugram,India,2020-12,2020,12,0.032339015159219865,1,False,False,True,0,No
Gurugram,India,2021-01,2021,1,-0.046436689470165236,2,False,True,True,0,No
Gurugram,India,2021-02,2021,2,0.07080473360083542,1,False,False,True,0,No
Gurugram,India,2021-03,2021,3,-0.12354035187939194,0,False,False,False,0,No
Gurugram,India,2021-04,2021,4,0.49916890747145815,2,False,True,False,0,No
Gurugram,India,2021-05,2021,5,-0.11911618971826395,0,False,False,False,0,No
Gurugram,India,2021-06,2021,6,-0.19419729677232925,0,False,False,False,0,No
Gurugram,India,2021-07,2021,7,-0.624822989301727,0,False,False,False,0,No
Gurugram,India,2021-08,2021,8,-0.6041653874397201,0,False,False,False,0,No
Gurugram,India,2021-09,2021,9,-0.851460100152908,0,False,False,False,0,No
Gurugram,India,2021-10,2021,10,0.06133472010070484,0,False,False,True,0,No
Gurugram,India,2021-11,2021,11,0.7977733427866907,2,False,True,True,0,No
Gurugram,India,2021-12,2021,12,0.5922665082055512,1,False,False,True,0,No
Gurugram,India,2022-01,2022,1,0.24378022767786947,0,False,False,True,0,No
Gurugram,India,2022-02,2022,2,0.3810603618870472,1,False,False,True,0,No
Gurugram,India,2022-03,2022,3,0.5166493177392837,1,False,False,False,0,No
Gurugram,India,2022-04,2022,4,0.7141857034989387,2,False,True,False,0,No
Gurugram,India,2022-05,2022,5,0.9917596958434307,1,False,False,False,0,No
Gurugram,India,2022-06,2022,6,0.18288377954261767,1,False,False,False,0,No
Gurugram,India,2022-07,2022,7,-0.8813151578070993,0,False,False,False,0,No
Gurugram,India,2022-08,2022,8,-0.9320356855045308,0,False,False,False,0,No
Gurugram,India,2022-09,2022,9,-0.4538484349200719,0,False,False,False,0,No
Gurugram,India,2022-10,2022,10,0.15818355325797778,0,False,False,True,0,No
Gurugram,India,2022-11,2022,11,0.24854008695891433,2,False,True,True,0,No
Gurugram,India,2022-12,2022,12,0.4818493552666688,2,False,True,True,0,No
Gurugram,India,2023-01,2023,1,0.5827181898613935,2,False,True,True,0,No
Gurugram,India,2023-02,2023,2,-0.09577811085981325,0,False,False,True,0,No
Gurugram,India,2023-03,2023,3,-0.16749305646390117,0,False,False,False,0,No
Gurugram,India,2023-04,2023,4,0.5259582810969479,1,False,False,False,0,No
Gurugram,India,2023-05,2023,5,0.24918795420306958,1,False,False,False,0,No
Gurugram,India,2023-06,2023,6,-0.29108989215095954,0,False,False,False,0,No
Gurugram,India,2023-07,2023,7,-0.887018649969777,0,False,False,False,0,No
Gurugram,India,2023-08,2023,8,-0.60833924708944,0,False,False,False,0,No
Gurugram,India,2023-09,2023,9,-0.31609988259022803,0,False,False,False,0,No
Gurugram,India,2023-10,2023,10,0.5605424055579112,1,False,False,True,0,No
Gurugram,India,2023-11,2023,11,0.8124524155894202,2,False,True,True,0,No
Gurugram,India,2023-12,2023,12,0.9641463939966484,2,False,True,True,0,No
Gurugram,India,2024-01,2024,1,1.4734819421281469,4,True,True,True,1,Yes
Gurugram,India,2024-02,2024,2,0.48955124790247495,2,False,True,True,0,No
Gurugram,India,2024-03,2024,3,0.5669620740930814,2,False,True,False,0,No
Gurugram,India,2024-04,2024,4,0.8868463207975734,2,False,True,False,0,No
Gurugram,India,2024-05,2024,5,1.3672835515243937,4,True,True,False,0,No
Gurugram,India,2024-06,2024,6,0.44838603996276377,1,False,False,False,0,No
Gurugram,India,2024-07,2024,7,-0.8026442957835054,0,False,False,False,0,No
Gurugram,India,2024-08,2024,8,-0.9996996840940318,0,False,False,False,0,No
Gurugram,India,2024-09,2024,9,-0.5704215814288267,0,False,False,False,0,No
Gurugram,India,2024-10,2024,10,0.44973442670222663,1,False,False,True,0,No
Gurugram,India,2024-11,2024,11,1.1630725429869853,3,True,True,True,1,Yes
Gurugram,India,2024-12,2024,12,0.37537899063930885,1,False,False,True,0,No
Gurugram,India,2025-01,2025,1,0.14496954519433894,0,False,False,True,0,No
Gurugram,India,2025-02,2025,2,0.12299933373892594,0,False,False,True,0,No
Gurugram,India,2025-03,2025,3,0.1455619154301565,1,False,False,False,0,No
Gurugram,India,2025-04,2025,4,0.8408949496588016,3,False,True,False,0,No
Gurugram,India,2025-05,2025,5,0.3906473308676801,1,False,False,False,0,No
Gurugram,India,2025-06,2025,6,-0.08631334769949306,0,False,False,False,0,No
Gurugram,India,2025-07,2025,7,-0.8563772986159028,0,False,False,False,0,No
Gurugram,India,2025-08,2025,8,-0.8707190214452621,0,False,False,False,0,No
Gurugram,India,2025-09,2025,9,-0.589486203742675,0,False,False,False,0,No
Gurugram,India,2025-10,2025,10,0.011816895495571644,0,False,False,True,0,No
Gurugram,India,2025-11,2025,11,0.6577191568856829,2,False,True,True,0,No
Gurugram,India,2025-12,2025,12,0.13969204927432646,1,False,False,True,0,No
Gurugram,India,2026-01,2026,1,-0.11621825387890652,1,False,False,True,0,No
Gurugram,India,2026-02,2026,2,0.04744655777116291,0,False,False,True,0,No
Gurugram,India,2026-03,2026,3,-0.013015847372340416,1,False,False,False,0,No
Gurugram,India,2026-04,2026,4,0.45557486759937105,2,False,True,False,0,No
Gurugram,India,2026-05,2026,5,0.572185438533529,2,False,True,False,0,No
Gurugram,India,2026-06,2026,6,0.1412012066034964,2,False,True,False,0,No
Hanoi,Vietnam,2018-07,2018,7,-0.5309371227896882,0,False,False,False,0,No
Hanoi,Vietnam,2018-08,2018,8,-0.47820083852262363,0,False,False,False,0,No
Hanoi,Vietnam,2018-09,2018,9,-0.5319885104655909,0,False,False,False,0,No
Hanoi,Vietnam,2018-10,2018,10,-0.19914026613497254,0,False,False,True,0,No
Hanoi,Vietnam,2018-11,2018,11,0.8862979185126585,2,False,True,True,0,No
Hanoi,Vietnam,2018-12,2018,12,-0.2285032570196864,1,False,False,True,0,No
Hanoi,Vietnam,2019-01,2019,1,-0.2648913535478725,0,False,False,True,0,No
Hanoi,Vietnam,2019-02,2019,2,-0.42135327655473914,0,False,False,True,0,No
Hanoi,Vietnam,2019-03,2019,3,0.39022294146580283,2,False,True,False,0,No
Hanoi,Vietnam,2019-04,2019,4,0.19659365725175976,2,False,True,False,0,No
Hanoi,Vietnam,2019-05,2019,5,0.18233572100192066,0,False,False,False,0,No
Hanoi,Vietnam,2019-06,2019,6,-0.5156175778010057,0,False,False,False,0,No
Hanoi,Vietnam,2019-07,2019,7,-0.8016280879780471,0,False,False,False,0,No
Hanoi,Vietnam,2019-08,2019,8,-0.5778334555617125,0,False,False,False,0,No
Hanoi,Vietnam,2019-09,2019,9,-0.4808154868104689,0,False,False,False,0,No
Hanoi,Vietnam,2019-10,2019,10,-0.1690461937013751,0,False,False,True,0,No
Hanoi,Vietnam,2019-11,2019,11,-0.029682587702302053,1,False,False,True,0,No
Hanoi,Vietnam,2019-12,2019,12,-0.08505742293571683,1,False,False,True,0,No
Hanoi,Vietnam,2020-01,2020,1,-0.07107164546516614,1,False,False,True,0,No
Hanoi,Vietnam,2020-02,2020,2,-0.016463098801120676,0,False,False,True,0,No
Hanoi,Vietnam,2020-03,2020,3,0.9539152496767584,2,False,True,False,0,No
Hanoi,Vietnam,2020-04,2020,4,0.4623448582974805,1,False,False,False,0,No
Hanoi,Vietnam,2020-05,2020,5,-0.48428791084234063,0,False,False,False,0,No
Hanoi,Vietnam,2020-06,2020,6,-0.7213748456335705,0,False,False,False,0,No
Hanoi,Vietnam,2020-07,2020,7,-0.9477934119203496,0,False,False,False,0,No
Hanoi,Vietnam,2020-08,2020,8,-0.7057478473897112,0,False,False,False,0,No
Hanoi,Vietnam,2020-09,2020,9,-0.5939684720130292,0,False,False,False,0,No
Hanoi,Vietnam,2020-10,2020,10,-0.6991374170928989,0,False,False,True,0,No
Hanoi,Vietnam,2020-11,2020,11,-0.49418844119919514,0,False,False,True,0,No
Hanoi,Vietnam,2020-12,2020,12,-0.5558142095666132,0,False,False,True,0,No
Hanoi,Vietnam,2021-01,2021,1,0.411061537683809,2,False,True,True,0,No
Hanoi,Vietnam,2021-02,2021,2,0.9343975358210825,2,False,True,True,0,No
Hanoi,Vietnam,2021-03,2021,3,0.7084220453782779,3,False,True,False,0,No
Hanoi,Vietnam,2021-04,2021,4,0.27548547099260406,0,False,False,False,0,No
Hanoi,Vietnam,2021-05,2021,5,-0.42439624144361454,0,False,False,False,0,No
Hanoi,Vietnam,2021-06,2021,6,-0.5938977217519174,0,False,False,False,0,No
Hanoi,Vietnam,2021-07,2021,7,-0.3537790229962794,1,False,False,False,0,No
Hanoi,Vietnam,2021-08,2021,8,-0.42283907643599106,0,False,False,False,0,No
Hanoi,Vietnam,2021-09,2021,9,-0.28978167622527906,0,False,False,False,0,No
Hanoi,Vietnam,2021-10,2021,10,-0.05409194046161726,0,False,False,True,0,No
Hanoi,Vietnam,2021-11,2021,11,0.06660094562638413,0,False,False,True,0,No
Hanoi,Vietnam,2021-12,2021,12,0.11616454115227215,0,False,False,True,0,No
Hanoi,Vietnam,2022-01,2022,1,0.3041802474125163,1,False,False,True,0,No
Hanoi,Vietnam,2022-02,2022,2,-0.23925681161764656,0,False,False,True,0,No
Hanoi,Vietnam,2022-03,2022,3,0.44199987828967824,1,False,False,False,0,No
Hanoi,Vietnam,2022-04,2022,4,0.9527571552660177,1,False,False,False,0,No
Hanoi,Vietnam,2022-05,2022,5,0.12078099012414714,1,False,False,False,0,No
Hanoi,Vietnam,2022-06,2022,6,-0.1457864945580535,1,False,False,False,0,No
Hanoi,Vietnam,2022-07,2022,7,-0.28175093833557396,1,False,False,False,0,No
Hanoi,Vietnam,2022-08,2022,8,-0.4759590572162148,0,False,False,False,0,No
Hanoi,Vietnam,2022-09,2022,9,-0.3570630831998628,0,False,False,False,0,No
Hanoi,Vietnam,2022-10,2022,10,-0.051446246275482645,0,False,False,True,0,No
Hanoi,Vietnam,2022-11,2022,11,-0.18959877604582565,0,False,False,True,0,No
Hanoi,Vietnam,2022-12,2022,12,0.4422347730746562,2,False,True,True,0,No
Hanoi,Vietnam,2023-01,2023,1,0.0033634765159317403,1,False,False,True,0,No
Hanoi,Vietnam,2023-02,2023,2,0.2580845998629505,1,False,False,True,0,No
Hanoi,Vietnam,2023-03,2023,3,1.3538575512939013,3,True,True,False,0,No
Hanoi,Vietnam,2023-04,2023,4,1.1814100239407104,2,True,True,False,0,No
Hanoi,Vietnam,2023-05,2023,5,0.3195571940608698,1,False,False,False,0,No
Hanoi,Vietnam,2023-06,2023,6,-0.4090414578938475,1,False,False,False,0,No
Hanoi,Vietnam,2023-07,2023,7,-0.4453912903833772,0,False,False,False,0,No
Hanoi,Vietnam,2023-08,2023,8,-0.19016826424385486,0,False,False,False,0,No
Hanoi,Vietnam,2023-09,2023,9,-0.2694649037498348,0,False,False,False,0,No
Hanoi,Vietnam,2023-10,2023,10,-0.017843166165817825,0,False,False,True,0,No
Hanoi,Vietnam,2023-11,2023,11,0.04943684751366637,0,False,False,True,0,No
Hanoi,Vietnam,2023-12,2023,12,0.08556196154769388,0,False,False,True,0,No
Hanoi,Vietnam,2024-01,2024,1,-0.3253588736469325,0,False,False,True,0,No
Hanoi,Vietnam,2024-02,2024,2,-0.298618580022505,0,False,False,True,0,No
Hanoi,Vietnam,2024-03,2024,3,0.970218700252628,2,False,True,False,0,No
Hanoi,Vietnam,2024-04,2024,4,0.8575730090133629,3,False,True,False,0,No
Hanoi,Vietnam,2024-05,2024,5,-0.14551408476605387,1,False,False,False,0,No
Hanoi,Vietnam,2024-06,2024,6,-0.3520419773011252,0,False,False,False,0,No
Hanoi,Vietnam,2024-07,2024,7,-0.27302508291523025,0,False,False,False,0,No
Hanoi,Vietnam,2024-08,2024,8,-0.4885235571023574,0,False,False,False,0,No
Hanoi,Vietnam,2024-09,2024,9,-0.19914577859721144,0,False,False,False,0,No
Hanoi,Vietnam,2024-10,2024,10,0.2747017782232361,1,False,False,True,0,No
Hanoi,Vietnam,2024-11,2024,11,0.15888039274200993,1,False,False,True,0,No
Hanoi,Vietnam,2024-12,2024,12,0.65561828229796,1,False,False,True,0,No
Hanoi,Vietnam,2025-01,2025,1,0.670286803803692,2,False,True,True,0,No
Hanoi,Vietnam,2025-02,2025,2,0.3333646432222239,1,False,False,True,0,No
Hanoi,Vietnam,2025-03,2025,3,1.014165374339718,3,True,True,False,0,No
Hanoi,Vietnam,2025-04,2025,4,0.45363011454953445,0,False,False,False,0,No
Hanoi,Vietnam,2025-05,2025,5,0.03266506346953292,1,False,False,False,0,No
Hanoi,Vietnam,2025-06,2025,6,-0.2941794002333015,0,False,False,False,0,No
Hanoi,Vietnam,2025-07,2025,7,-0.31701842322608265,0,False,False,False,0,No
Hanoi,Vietnam,2025-08,2025,8,-0.27835850858878636,0,False,False,False,0,No
Hanoi,Vietnam,2025-09,2025,9,-0.3743259159875652,0,False,False,False,0,No
Hanoi,Vietnam,2025-10,2025,10,-0.3796359827089957,0,False,False,True,0,No
Hanoi,Vietnam,2025-11,2025,11,0.19005466287516698,1,False,False,True,0,No
Hanoi,Vietnam,2025-12,2025,12,0.12770302741606523,1,False,False,True,0,No
Hanoi,Vietnam,2026-01,2026,1,0.4854223899829643,1,False,False,True,0,No
Hanoi,Vietnam,2026-02,2026,2,0.37927400820288004,1,False,False,True,0,No
Hanoi,Vietnam,2026-03,2026,3,0.582264820459958,2,False,True,False,0,No
Hanoi,Vietnam,2026-04,2026,4,1.2059265578941927,2,True,True,False,0,No
Hanoi,Vietnam,2026-05,2026,5,0.14045491445509314,1,False,False,False,0,No
Hanoi,Vietnam,2026-06,2026,6,-0.0874265934177245,1,False,False,False,0,No
Hotan,China,2018-07,2018,7,-0.13465836581153093,1,False,False,False,0,No
Hotan,China,2018-08,2018,8,-0.06556208019712326,1,False,False,False,0,No
Hotan,China,2018-09,2018,9,-0.3112831620630657,0,False,False,False,0,No
Hotan,China,2018-10,2018,10,-0.6384713524093438,0,False,False,True,0,No
Hotan,China,2018-11,2018,11,-0.1794843859289849,1,False,False,True,0,No
Hotan,China,2018-12,2018,12,-0.06288094607191803,1,False,False,True,0,No
Hotan,China,2019-01,2019,1,0.1553089755404152,1,False,False,True,0,No
Hotan,China,2019-02,2019,2,0.09856550872968835,2,False,True,True,0,No
Hotan,China,2019-03,2019,3,0.16896027185168067,1,False,False,False,0,No
Hotan,China,2019-04,2019,4,0.0920640773529838,1,False,False,False,0,No
Hotan,China,2019-05,2019,5,0.13704784842248316,0,False,False,False,0,No
Hotan,China,2019-06,2019,6,-0.3201166164012144,0,False,False,False,0,No
Hotan,China,2019-07,2019,7,-0.06461319768057835,1,False,False,False,0,No
Hotan,China,2019-08,2019,8,-0.06836653381002661,1,False,False,False,0,No
Hotan,China,2019-09,2019,9,-0.5403238730741977,0,False,False,False,0,No
Hotan,China,2019-10,2019,10,-0.8367952226926871,0,False,False,True,0,No
Hotan,China,2019-11,2019,11,-0.5312201309819194,0,False,False,True,0,No
Hotan,China,2019-12,2019,12,0.23354117942009922,1,False,False,True,0,No
Hotan,China,2020-01,2020,1,0.3665680466226326,3,False,True,True,0,No
Hotan,China,2020-02,2020,2,0.21453415846198234,3,False,True,True,0,No
Hotan,China,2020-03,2020,3,0.2678109437101479,2,False,True,False,0,No
Hotan,China,2020-04,2020,4,0.17698250619817957,1,False,False,False,0,No
Hotan,China,2020-05,2020,5,-0.09443244963320126,0,False,False,False,0,No
Hotan,China,2020-06,2020,6,-0.28304138138676754,1,False,False,False,0,No
Hotan,China,2020-07,2020,7,-0.4367423545317493,1,False,False,False,0,No
Hotan,China,2020-08,2020,8,-0.41771521301080955,1,False,False,False,0,No
Hotan,China,2020-09,2020,9,-0.4120336837766261,0,False,False,False,0,No
Hotan,China,2020-10,2020,10,-0.5207521177218418,0,False,False,True,0,No
Hotan,China,2020-11,2020,11,-0.41711831457981957,0,False,False,True,0,No
Hotan,China,2020-12,2020,12,-0.19396399315681018,1,False,False,True,0,No
Hotan,China,2021-01,2021,1,0.030428774572284923,2,False,True,True,0,No
Hotan,China,2021-02,2021,2,-0.3452078780742728,0,False,False,True,0,No
Hotan,China,2021-03,2021,3,0.13848669887279685,2,False,True,False,0,No
Hotan,China,2021-04,2021,4,0.07963955865690817,2,False,True,False,0,No
Hotan,China,2021-05,2021,5,-0.17624345437338976,0,False,False,False,0,No
Hotan,China,2021-06,2021,6,-0.52334187611396,1,False,False,False,0,No
Hotan,China,2021-07,2021,7,0.05099520243942647,1,False,False,False,0,No
Hotan,China,2021-08,2021,8,0.38174986056278964,2,False,True,False,0,No
Hotan,China,2021-09,2021,9,-0.085642508639918,1,False,False,False,0,No
Hotan,China,2021-10,2021,10,-0.157741661421173,0,False,False,True,0,No
Hotan,China,2021-11,2021,11,-0.14609787405213182,0,False,False,True,0,No
Hotan,China,2021-12,2021,12,0.22998997101484164,1,False,False,True,0,No
Hotan,China,2022-01,2022,1,0.5636341026186402,3,False,True,True,0,No
Hotan,China,2022-02,2022,2,0.38485372667677303,1,False,False,True,0,No
Hotan,China,2022-03,2022,3,0.2212138751064036,1,False,False,False,0,No
Hotan,China,2022-04,2022,4,0.20019105622087033,1,False,False,False,0,No
Hotan,China,2022-05,2022,5,0.04029743102572603,1,False,False,False,0,No
Hotan,China,2022-06,2022,6,0.02466396443675294,1,False,False,False,0,No
Hotan,China,2022-07,2022,7,0.27677415566623487,2,False,True,False,0,No
Hotan,China,2022-08,2022,8,-0.06799205489986412,1,False,False,False,0,No
Hotan,China,2022-09,2022,9,-0.45511414102895353,0,False,False,False,0,No
Hotan,China,2022-10,2022,10,-0.7134996847392812,0,False,False,True,0,No
Hotan,China,2022-11,2022,11,-0.559054012284855,0,False,False,True,0,No
Hotan,China,2022-12,2022,12,-0.18012439393553117,0,False,False,True,0,No
Hotan,China,2023-01,2023,1,0.27961405351610924,1,False,False,True,0,No
Hotan,China,2023-02,2023,2,0.011597320261555466,0,False,False,True,0,No
Hotan,China,2023-03,2023,3,-0.03753727021783613,1,False,False,False,0,No
Hotan,China,2023-04,2023,4,0.27546020692081913,1,False,False,False,0,No
Hotan,China,2023-05,2023,5,-0.0741619474069472,0,False,False,False,0,No
Hotan,China,2023-06,2023,6,0.06403347420224237,1,False,False,False,0,No
Hotan,China,2023-07,2023,7,0.11630386333691581,1,False,False,False,0,No
Hotan,China,2023-08,2023,8,0.23780261890609827,1,False,False,False,0,No
Hotan,China,2023-09,2023,9,-0.10460324803380017,1,False,False,False,0,No
Hotan,China,2023-10,2023,10,-0.3161389827651139,0,False,False,True,0,No
Hotan,China,2023-11,2023,11,0.05791913400903788,1,False,False,True,0,No
Hotan,China,2023-12,2023,12,0.875019492318352,1,False,False,True,0,No
Hotan,China,2024-01,2024,1,1.0215742282096745,3,True,True,True,1,Yes
Hotan,China,2024-02,2024,2,0.8097268853302317,2,False,True,True,0,No
Hotan,China,2024-03,2024,3,0.6013661203637704,1,False,False,False,0,No
Hotan,China,2024-04,2024,4,0.6258327177679373,2,False,True,False,0,No
Hotan,China,2024-05,2024,5,0.3715727867194299,1,False,False,False,0,No
Hotan,China,2024-06,2024,6,0.24142239991582568,1,False,False,False,0,No
Hotan,China,2024-07,2024,7,0.2808158312081333,1,False,False,False,0,No
Hotan,China,2024-08,2024,8,0.27854794872629896,1,False,False,False,0,No
Hotan,China,2024-09,2024,9,0.08583568366418064,0,False,False,False,0,No
Hotan,China,2024-10,2024,10,-0.2806282780489665,0,False,False,True,0,No
Hotan,China,2024-11,2024,11,-0.32357896895428,0,False,False,True,0,No
Hotan,China,2024-12,2024,12,0.06754781017875441,1,False,False,True,0,No
Hotan,China,2025-01,2025,1,0.26663818291065533,0,False,False,True,0,No
Hotan,China,2025-02,2025,2,0.08916585616383317,2,False,True,True,0,No
Hotan,China,2025-03,2025,3,0.328717243955019,2,False,True,False,0,No
Hotan,China,2025-04,2025,4,0.2806972839100404,0,False,False,False,0,No
Hotan,China,2025-05,2025,5,0.20490997809692363,1,False,False,False,0,No
Hotan,China,2025-06,2025,6,0.3032747503485832,2,False,True,False,0,No
Hotan,China,2025-07,2025,7,0.29603357654884166,1,False,False,False,0,No
Hotan,China,2025-08,2025,8,0.32549112898078353,1,False,False,False,0,No
Hotan,China,2025-09,2025,9,-0.11160936971954416,1,False,False,False,0,No
Hotan,China,2025-10,2025,10,-0.7074189622226459,0,False,False,True,0,No
Hotan,China,2025-11,2025,11,-0.6311483885790425,0,False,False,True,0,No
Hotan,China,2025-12,2025,12,-0.25087378464930404,0,False,False,True,0,No
Hotan,China,2026-01,2026,1,0.03181362972112887,0,False,False,True,0,No
Hotan,China,2026-02,2026,2,-0.08056922033756864,0,False,False,True,0,No
Hotan,China,2026-03,2026,3,0.10050228416003296,1,False,False,False,0,No
Hotan,China,2026-04,2026,4,0.07559889122252086,1,False,False,False,0,No
Hotan,China,2026-05,2026,5,-0.016068098883026672,0,False,False,False,0,No
Hotan,China,2026-06,2026,6,-0.2651658414528459,1,False,False,False,0,No
Kashgar,China,2018-07,2018,7,-0.1623451704328339,1,False,False,False,0,No
Kashgar,China,2018-08,2018,8,-0.2264534332071939,1,False,False,False,0,No
Kashgar,China,2018-09,2018,9,-0.43287278122483086,0,False,False,False,0,No
Kashgar,China,2018-10,2018,10,-0.6994392604803185,0,False,False,True,0,No
Kashgar,China,2018-11,2018,11,-0.8156178036278744,0,False,False,True,0,No
Kashgar,China,2018-12,2018,12,0.3873581283261279,2,False,True,True,0,No
Kashgar,China,2019-01,2019,1,0.21445522319819638,1,False,False,True,0,No
Kashgar,China,2019-02,2019,2,0.264330907804364,2,False,True,True,0,No
Kashgar,China,2019-03,2019,3,0.18883974842726822,1,False,False,False,0,No
Kashgar,China,2019-04,2019,4,-0.13775996690878414,0,False,False,False,0,No
Kashgar,China,2019-05,2019,5,-0.007086283237657187,0,False,False,False,0,No
Kashgar,China,2019-06,2019,6,-0.3252401271244506,0,False,False,False,0,No
Kashgar,China,2019-07,2019,7,-0.1439965809300427,1,False,False,False,0,No
Kashgar,China,2019-08,2019,8,-0.3190485118982388,0,False,False,False,0,No
Kashgar,China,2019-09,2019,9,-0.7482504086086855,0,False,False,False,0,No
Kashgar,China,2019-10,2019,10,-0.7914010544729722,0,False,False,True,0,No
Kashgar,China,2019-11,2019,11,-0.37531487511972544,0,False,False,True,0,No
Kashgar,China,2019-12,2019,12,-0.04679699333361422,1,False,False,True,0,No
Kashgar,China,2020-01,2020,1,0.5816576836971172,3,False,True,True,0,No
Kashgar,China,2020-02,2020,2,0.2781304659977056,3,False,True,True,0,No
Kashgar,China,2020-03,2020,3,0.3120198098465771,1,False,False,False,0,No
Kashgar,China,2020-04,2020,4,0.07512854556856981,1,False,False,False,0,No
Kashgar,China,2020-05,2020,5,-0.29192016016073064,0,False,False,False,0,No
Kashgar,China,2020-06,2020,6,-0.3437586344007486,1,False,False,False,0,No
Kashgar,China,2020-07,2020,7,-0.582426161879426,1,False,False,False,0,No
Kashgar,China,2020-08,2020,8,-0.597521024289674,0,False,False,False,0,No
Kashgar,China,2020-09,2020,9,-0.5935950816906472,0,False,False,False,0,No
Kashgar,China,2020-10,2020,10,-0.5383390514403708,0,False,False,True,0,No
Kashgar,China,2020-11,2020,11,-0.22693159592851933,1,False,False,True,0,No
Kashgar,China,2020-12,2020,12,-0.3687094703695116,1,False,False,True,0,No
Kashgar,China,2021-01,2021,1,0.22939250977303738,2,False,True,True,0,No
Kashgar,China,2021-02,2021,2,-0.059669364009863515,1,False,False,True,0,No
Kashgar,China,2021-03,2021,3,0.204232248063953,1,False,False,False,0,No
Kashgar,China,2021-04,2021,4,0.0119551582438151,1,False,False,False,0,No
Kashgar,China,2021-05,2021,5,-0.34581252416101105,0,False,False,False,0,No
Kashgar,China,2021-06,2021,6,-0.5676775309245083,0,False,False,False,0,No
Kashgar,China,2021-07,2021,7,-0.04060842278025901,1,False,False,False,0,No
Kashgar,China,2021-08,2021,8,0.18780543584186116,2,False,True,False,0,No
Kashgar,China,2021-09,2021,9,-0.11506533759579289,1,False,False,False,0,No
Kashgar,China,2021-10,2021,10,-0.04985494197623726,0,False,False,True,0,No
Kashgar,China,2021-11,2021,11,0.29440276854854297,1,False,False,True,0,No
Kashgar,China,2021-12,2021,12,0.5079277796332458,1,False,False,True,0,No
Kashgar,China,2022-01,2022,1,0.8363102090054036,3,False,True,True,0,No
Kashgar,China,2022-02,2022,2,0.5546701656046058,1,False,False,True,0,No
Kashgar,China,2022-03,2022,3,0.2249322075798728,2,False,True,False,0,No
Kashgar,China,2022-04,2022,4,0.16748079625211737,1,False,False,False,0,No
Kashgar,China,2022-05,2022,5,-0.15282131230983192,0,False,False,False,0,No
Kashgar,China,2022-06,2022,6,-0.0404690062845076,1,False,False,False,0,No
Kashgar,China,2022-07,2022,7,0.22837154425366707,2,False,True,False,0,No
Kashgar,China,2022-08,2022,8,-0.3242405009557813,1,False,False,False,0,No
Kashgar,China,2022-09,2022,9,-0.62525366373295,0,False,False,False,0,No
Kashgar,China,2022-10,2022,10,-0.6937073127262086,0,False,False,True,0,No
Kashgar,China,2022-11,2022,11,-0.4293542101381802,1,False,False,True,0,No
Kashgar,China,2022-12,2022,12,-0.11794002079117134,0,False,False,True,0,No
Kashgar,China,2023-01,2023,1,0.9642008580215491,2,False,True,True,0,No
Kashgar,China,2023-02,2023,2,0.1484679242904082,0,False,False,True,0,No
Kashgar,China,2023-03,2023,3,0.16028376032492275,1,False,False,False,0,No
Kashgar,China,2023-04,2023,4,0.2933611253211558,1,False,False,False,0,No
Kashgar,China,2023-05,2023,5,-0.17823050778630378,0,False,False,False,0,No
Kashgar,China,2023-06,2023,6,0.1755416012718521,2,False,True,False,0,No
Kashgar,China,2023-07,2023,7,0.04862769595835185,1,False,False,False,0,No
Kashgar,China,2023-08,2023,8,0.04843655522193861,1,False,False,False,0,No
Kashgar,China,2023-09,2023,9,-0.1778146427274772,1,False,False,False,0,No
Kashgar,China,2023-10,2023,10,-0.2515261148144588,0,False,False,True,0,No
Kashgar,China,2023-11,2023,11,0.5940401629279211,1,False,False,True,0,No
Kashgar,China,2023-12,2023,12,0.2761210893499203,0,False,False,True,0,No
Kashgar,China,2024-01,2024,1,1.2539947465814036,3,True,True,True,1,Yes
Kashgar,China,2024-02,2024,2,0.6418313765590353,2,False,True,True,0,No
Kashgar,China,2024-03,2024,3,0.5470279776935265,1,False,False,False,0,No
Kashgar,China,2024-04,2024,4,0.572261569633396,1,False,False,False,0,No
Kashgar,China,2024-05,2024,5,0.24214350697133638,1,False,False,False,0,No
Kashgar,China,2024-06,2024,6,0.29492311748920663,1,False,False,False,0,No
Kashgar,China,2024-07,2024,7,0.21496698673955877,1,False,False,False,0,No
Kashgar,China,2024-08,2024,8,0.045494694368019006,1,False,False,False,0,No
Kashgar,China,2024-09,2024,9,-0.039576425370533116,0,False,False,False,0,No
Kashgar,China,2024-10,2024,10,-0.18018499034309396,0,False,False,True,0,No
Kashgar,China,2024-11,2024,11,-0.06696618400722609,0,False,False,True,0,No
Kashgar,China,2024-12,2024,12,0.1441597329032367,1,False,False,True,0,No
Kashgar,China,2025-01,2025,1,0.43158102164858725,1,False,False,True,0,No
Kashgar,China,2025-02,2025,2,0.12294968805012527,2,False,True,True,0,No
Kashgar,China,2025-03,2025,3,0.3784909066070199,2,False,True,False,0,No
Kashgar,China,2025-04,2025,4,0.2154407149975782,0,False,False,False,0,No
Kashgar,China,2025-05,2025,5,-0.02091023586687104,1,False,False,False,0,No
Kashgar,China,2025-06,2025,6,0.26473551278002144,2,False,True,False,0,No
Kashgar,China,2025-07,2025,7,0.12372468149827849,1,False,False,False,0,No
Kashgar,China,2025-08,2025,8,0.24360160897559496,2,False,True,False,0,No
Kashgar,China,2025-09,2025,9,-0.23241085801804168,1,False,False,False,0,No
Kashgar,China,2025-10,2025,10,-0.5816660872572074,0,False,False,True,0,No
Kashgar,China,2025-11,2025,11,-0.1982531312957098,0,False,False,True,0,No
Kashgar,China,2025-12,2025,12,-0.06791037374399388,0,False,False,True,0,No
Kashgar,China,2026-01,2026,1,0.1563894639123819,1,False,False,True,0,No
Kashgar,China,2026-02,2026,2,0.06671313868359467,0,False,False,True,0,No
Kashgar,China,2026-03,2026,3,0.20150570340211083,1,False,False,False,0,No
Kashgar,China,2026-04,2026,4,-0.004689196683975228,1,False,False,False,0,No
Kashgar,China,2026-05,2026,5,-0.08848024910334122,1,False,False,False,0,No
Kashgar,China,2026-06,2026,6,-0.1945006816766999,1,False,False,False,0,No
Lahore,Pakistan,2018-07,2018,7,-0.5534304726257998,0,False,False,False,0,No
Lahore,Pakistan,2018-08,2018,8,-0.5863534835923299,0,False,False,False,0,No
Lahore,Pakistan,2018-09,2018,9,-0.5004239894336542,0,False,False,False,0,No
Lahore,Pakistan,2018-10,2018,10,0.4906050351012029,1,False,False,True,0,No
Lahore,Pakistan,2018-11,2018,11,-0.17569325136835495,0,False,False,True,0,No
Lahore,Pakistan,2018-12,2018,12,0.6366154699525354,3,False,True,True,0,No
Lahore,Pakistan,2019-01,2019,1,0.18948819992377094,2,False,True,True,0,No
Lahore,Pakistan,2019-02,2019,2,-0.4378622430499403,0,False,False,True,0,No
Lahore,Pakistan,2019-03,2019,3,-0.2801805064272947,0,False,False,False,0,No
Lahore,Pakistan,2019-04,2019,4,-0.32651456618918656,0,False,False,False,0,No
Lahore,Pakistan,2019-05,2019,5,-0.04119166474742928,0,False,False,False,0,No
Lahore,Pakistan,2019-06,2019,6,-0.14372858858510762,0,False,False,False,0,No
Lahore,Pakistan,2019-07,2019,7,-1.004559557666348,0,False,False,False,0,No
Lahore,Pakistan,2019-08,2019,8,-1.059516511127368,0,False,False,False,0,No
Lahore,Pakistan,2019-09,2019,9,-0.8115538787046225,0,False,False,False,0,No
Lahore,Pakistan,2019-10,2019,10,-0.3303641361761795,0,False,False,True,0,No
Lahore,Pakistan,2019-11,2019,11,-0.5379056967051501,0,False,False,True,0,No
Lahore,Pakistan,2019-12,2019,12,0.6643879134988154,2,False,True,True,0,No
Lahore,Pakistan,2020-01,2020,1,0.48293419434041746,3,False,True,True,0,No
Lahore,Pakistan,2020-02,2020,2,0.23460219261935067,1,False,False,True,0,No
Lahore,Pakistan,2020-03,2020,3,-0.37528798789947204,1,False,False,False,0,No
Lahore,Pakistan,2020-04,2020,4,-0.4435922269255029,1,False,False,False,0,No
Lahore,Pakistan,2020-05,2020,5,-0.21637759048605387,0,False,False,False,0,No
Lahore,Pakistan,2020-06,2020,6,-0.5756129875046406,0,False,False,False,0,No
Lahore,Pakistan,2020-07,2020,7,-1.167580699421039,0,False,False,False,0,No
Lahore,Pakistan,2020-08,2020,8,-1.5158796898278921,0,False,False,False,0,No
Lahore,Pakistan,2020-09,2020,9,-0.5909824988286109,0,False,False,False,0,No
Lahore,Pakistan,2020-10,2020,10,-0.22132163453315337,1,False,False,True,0,No
Lahore,Pakistan,2020-11,2020,11,0.25764897052183144,2,False,True,True,0,No
Lahore,Pakistan,2020-12,2020,12,0.6852671840553947,2,False,True,True,0,No
Lahore,Pakistan,2021-01,2021,1,0.1375775680821325,2,False,True,True,0,No
Lahore,Pakistan,2021-02,2021,2,0.3443806460599184,2,False,True,True,0,No
Lahore,Pakistan,2021-03,2021,3,-0.22061852510238342,1,False,False,False,0,No
Lahore,Pakistan,2021-04,2021,4,-0.02283467858243835,1,False,False,False,0,No
Lahore,Pakistan,2021-05,2021,5,-0.14866154714852542,0,False,False,False,0,No
Lahore,Pakistan,2021-06,2021,6,-0.26649062953505054,0,False,False,False,0,No
Lahore,Pakistan,2021-07,2021,7,-0.5425635936346594,0,False,False,False,0,No
Lahore,Pakistan,2021-08,2021,8,-0.17561759733943266,0,False,False,False,0,No
Lahore,Pakistan,2021-09,2021,9,-0.7121480882393042,0,False,False,False,0,No
Lahore,Pakistan,2021-10,2021,10,0.11693240449637812,1,False,False,True,0,No
Lahore,Pakistan,2021-11,2021,11,0.7621595951710184,3,False,True,True,0,No
Lahore,Pakistan,2021-12,2021,12,1.4683356568862682,3,True,True,True,1,Yes
Lahore,Pakistan,2022-01,2022,1,0.9935386277876515,2,False,True,True,0,No
Lahore,Pakistan,2022-02,2022,2,0.659109060143439,2,False,True,True,0,No
Lahore,Pakistan,2022-03,2022,3,0.3099955238055185,1,False,False,False,0,No
Lahore,Pakistan,2022-04,2022,4,0.6967104950245931,1,False,False,False,0,No
Lahore,Pakistan,2022-05,2022,5,0.6577431334956382,1,False,False,False,0,No
Lahore,Pakistan,2022-06,2022,6,0.40175227303137084,1,False,False,False,0,No
Lahore,Pakistan,2022-07,2022,7,-0.8833510439599838,0,False,False,False,0,No
Lahore,Pakistan,2022-08,2022,8,-0.9052350448033014,0,False,False,False,0,No
Lahore,Pakistan,2022-09,2022,9,-0.4594356032690574,0,False,False,False,0,No
Lahore,Pakistan,2022-10,2022,10,0.11013578838746127,1,False,False,True,0,No
Lahore,Pakistan,2022-11,2022,11,0.24464674588682236,2,False,True,True,0,No
Lahore,Pakistan,2022-12,2022,12,0.49277666180745516,2,False,True,True,0,No
Lahore,Pakistan,2023-01,2023,1,0.7997061354739055,2,False,True,True,0,No
Lahore,Pakistan,2023-02,2023,2,-0.10075943899933819,0,False,False,True,0,No
Lahore,Pakistan,2023-03,2023,3,-0.32631462143087064,0,False,False,False,0,No
Lahore,Pakistan,2023-04,2023,4,0.18856882138760533,1,False,False,False,0,No
Lahore,Pakistan,2023-05,2023,5,0.3651970417355445,2,False,True,False,0,No
Lahore,Pakistan,2023-06,2023,6,-0.07049866672324219,0,False,False,False,0,No
Lahore,Pakistan,2023-07,2023,7,-0.7190851259633091,0,False,False,False,0,No
Lahore,Pakistan,2023-08,2023,8,-0.3661601202260565,0,False,False,False,0,No
Lahore,Pakistan,2023-09,2023,9,-0.4037488486047187,0,False,False,False,0,No
Lahore,Pakistan,2023-10,2023,10,0.017440253476242583,0,False,False,True,0,No
Lahore,Pakistan,2023-11,2023,11,0.6350625083249101,1,False,False,True,0,No
Lahore,Pakistan,2023-12,2023,12,1.4561084304822827,2,True,True,True,1,Yes
Lahore,Pakistan,2024-01,2024,1,1.4453283570767221,4,True,True,True,1,Yes
Lahore,Pakistan,2024-02,2024,2,0.7318324017024278,1,False,False,True,0,No
Lahore,Pakistan,2024-03,2024,3,0.1920953320797138,1,False,False,False,0,No
Lahore,Pakistan,2024-04,2024,4,0.5788738269756726,1,False,False,False,0,No
Lahore,Pakistan,2024-05,2024,5,0.787534518223747,3,False,True,False,0,No
Lahore,Pakistan,2024-06,2024,6,0.21669721500153427,0,False,False,False,0,No
Lahore,Pakistan,2024-07,2024,7,-0.6556379075746565,0,False,False,False,0,No
Lahore,Pakistan,2024-08,2024,8,-1.0625968690712881,0,False,False,False,0,No
Lahore,Pakistan,2024-09,2024,9,-0.35603432261851126,0,False,False,False,0,No
Lahore,Pakistan,2024-10,2024,10,0.19692239760114855,1,False,False,True,0,No
Lahore,Pakistan,2024-11,2024,11,1.219645058415176,2,True,True,True,1,Yes
Lahore,Pakistan,2024-12,2024,12,0.48991988103064427,0,False,False,True,0,No
Lahore,Pakistan,2025-01,2025,1,0.6302133281856743,2,False,True,True,0,No
Lahore,Pakistan,2025-02,2025,2,0.14350194576858283,1,False,False,True,0,No
Lahore,Pakistan,2025-03,2025,3,-0.10150949162770986,1,False,False,False,0,No
Lahore,Pakistan,2025-04,2025,4,0.41360737119704305,1,False,False,False,0,No
Lahore,Pakistan,2025-05,2025,5,0.5273952956507942,2,False,True,False,0,No
Lahore,Pakistan,2025-06,2025,6,-0.13631454315433644,0,False,False,False,0,No
Lahore,Pakistan,2025-07,2025,7,-0.9453819400276802,0,False,False,False,0,No
Lahore,Pakistan,2025-08,2025,8,-0.8316101728496204,0,False,False,False,0,No
Lahore,Pakistan,2025-09,2025,9,-0.6700678638139201,0,False,False,False,0,No
Lahore,Pakistan,2025-10,2025,10,-0.18576917906458715,0,False,False,True,0,No
Lahore,Pakistan,2025-11,2025,11,0.28872731069096824,1,False,False,True,0,No
Lahore,Pakistan,2025-12,2025,12,0.24619635608884374,1,False,False,True,0,No
Lahore,Pakistan,2026-01,2026,1,0.2555040292181507,1,False,False,True,0,No
Lahore,Pakistan,2026-02,2026,2,0.16970557192688446,0,False,False,True,0,No
Lahore,Pakistan,2026-03,2026,3,-0.4007526419203017,1,False,False,False,0,No
Lahore,Pakistan,2026-04,2026,4,-0.1321839867677606,1,False,False,False,0,No
Lahore,Pakistan,2026-05,2026,5,0.27062740322308093,2,False,True,False,0,No
Lahore,Pakistan,2026-06,2026,6,0.3935418228608795,1,False,False,False,0,No
Loni,India,2018-07,2018,7,-0.6124997058211978,0,False,False,False,0,No
Loni,India,2018-08,2018,8,-0.8182878044788074,0,False,False,False,0,No
Loni,India,2018-09,2018,9,-0.6751571372297098,0,False,False,False,0,No
Loni,India,2018-10,2018,10,0.055041674484668165,0,False,False,True,0,No
Loni,India,2018-11,2018,11,-0.04241074065694651,1,False,False,True,0,No
Loni,India,2018-12,2018,12,0.3997465097409031,2,False,True,True,0,No
Loni,India,2019-01,2019,1,0.18619833755997803,1,False,False,True,0,No
Loni,India,2019-02,2019,2,0.0120800539939258,1,False,False,True,0,No
Loni,India,2019-03,2019,3,-0.1639729868827739,0,False,False,False,0,No
Loni,India,2019-04,2019,4,0.022270379893195597,0,False,False,False,0,No
Loni,India,2019-05,2019,5,0.16058853240936372,0,False,False,False,0,No
Loni,India,2019-06,2019,6,-0.04886784714914714,0,False,False,False,0,No
Loni,India,2019-07,2019,7,-0.8170995117767694,0,False,False,False,0,No
Loni,India,2019-08,2019,8,-0.9906036077203403,0,False,False,False,0,No
Loni,India,2019-09,2019,9,-1.0991378954312883,0,False,False,False,0,No
Loni,India,2019-10,2019,10,-0.2347026423065069,1,False,False,True,0,No
Loni,India,2019-11,2019,11,-0.3910842299165095,0,False,False,True,0,No
Loni,India,2019-12,2019,12,0.4238037135226774,2,False,True,True,0,No
Loni,India,2020-01,2020,1,0.1897148182287865,1,False,False,True,0,No
Loni,India,2020-02,2020,2,0.24086006129057713,2,False,True,True,0,No
Loni,India,2020-03,2020,3,-0.17151592762061316,1,False,False,False,0,No
Loni,India,2020-04,2020,4,-0.19078311349144908,1,False,False,False,0,No
Loni,India,2020-05,2020,5,-0.0913245445712558,0,False,False,False,0,No
Loni,India,2020-06,2020,6,-0.5484941608519327,0,False,False,False,0,No
Loni,India,2020-07,2020,7,-1.3286512238065427,0,False,False,False,0,No
Loni,India,2020-08,2020,8,-1.594647467945919,0,False,False,False,0,No
Loni,India,2020-09,2020,9,-1.0084216714289904,0,False,False,False,0,No
Loni,India,2020-10,2020,10,-0.25961148324747646,1,False,False,True,0,No
Loni,India,2020-11,2020,11,0.5801289049545746,2,False,True,True,0,No
Loni,India,2020-12,2020,12,0.1548337122025838,1,False,False,True,0,No
Loni,India,2021-01,2021,1,0.20165916739419107,2,False,True,True,0,No
Loni,India,2021-02,2021,2,0.5311517976304365,2,False,True,True,0,No
Loni,India,2021-03,2021,3,-0.05266595011360022,0,False,False,False,0,No
Loni,India,2021-04,2021,4,0.43767477174256797,2,False,True,False,0,No
Loni,India,2021-05,2021,5,-0.15075393414273577,0,False,False,False,0,No
Loni,India,2021-06,2021,6,-0.33403676647700054,0,False,False,False,0,No
Loni,India,2021-07,2021,7,-0.6501418807110394,0,False,False,False,0,No
Loni,India,2021-08,2021,8,-0.6492129484367435,0,False,False,False,0,No
Loni,India,2021-09,2021,9,-0.9088752038972243,0,False,False,False,0,No
Loni,India,2021-10,2021,10,0.09919574162727374,0,False,False,True,0,No
Loni,India,2021-11,2021,11,0.9029051067004111,3,False,True,True,0,No
Loni,India,2021-12,2021,12,0.905463903067113,2,False,True,True,0,No
Loni,India,2022-01,2022,1,0.4344429226614084,1,False,False,True,0,No
Loni,India,2022-02,2022,2,0.8005510390995367,2,False,True,True,0,No
Loni,India,2022-03,2022,3,0.4268716176605528,1,False,False,False,0,No
Loni,India,2022-04,2022,4,0.8345459446211839,2,False,True,False,0,No
Loni,India,2022-05,2022,5,0.930941895978212,1,False,False,False,0,No
Loni,India,2022-06,2022,6,0.08051219037032456,1,False,False,False,0,No
Loni,India,2022-07,2022,7,-0.8486775055511119,0,False,False,False,0,No
Loni,India,2022-08,2022,8,-0.9013173983923572,0,False,False,False,0,No
Loni,India,2022-09,2022,9,-0.6669658927890989,0,False,False,False,0,No
Loni,India,2022-10,2022,10,0.21384601480934573,1,False,False,True,0,No
Loni,India,2022-11,2022,11,0.32945120541277156,1,False,False,True,0,No
Loni,India,2022-12,2022,12,0.3585828369892752,2,False,True,True,0,No
Loni,India,2023-01,2023,1,0.43736587229119817,2,False,True,True,0,No
Loni,India,2023-02,2023,2,0.34900449993158034,1,False,False,True,0,No
Loni,India,2023-03,2023,3,-0.014790951167997635,0,False,False,False,0,No
Loni,India,2023-04,2023,4,0.4840423955385568,1,False,False,False,0,No
Loni,India,2023-05,2023,5,0.3158251556564083,1,False,False,False,0,No
Loni,India,2023-06,2023,6,-0.4511471685784227,0,False,False,False,0,No
Loni,India,2023-07,2023,7,-0.8646922497797446,0,False,False,False,0,No
Loni,India,2023-08,2023,8,-0.6797752826976631,0,False,False,False,0,No
Loni,India,2023-09,2023,9,-0.4422284668804431,0,False,False,False,0,No
Loni,India,2023-10,2023,10,0.29374213772818586,0,False,False,True,0,No
Loni,India,2023-11,2023,11,1.172507579697115,2,True,True,True,1,Yes
Loni,India,2023-12,2023,12,1.234363370334926,2,True,True,True,1,Yes
Loni,India,2024-01,2024,1,1.6906615253095005,4,True,True,True,1,Yes
Loni,India,2024-02,2024,2,0.374838332716051,1,False,False,True,0,No
Loni,India,2024-03,2024,3,0.3378147905421092,1,False,False,False,0,No
Loni,India,2024-04,2024,4,0.7537039506449029,2,False,True,False,0,No
Loni,India,2024-05,2024,5,1.1568876412064513,3,True,True,False,0,No
Loni,India,2024-06,2024,6,0.18370743436101358,0,False,False,False,0,No
Loni,India,2024-07,2024,7,-0.7240774698118317,0,False,False,False,0,No
Loni,India,2024-08,2024,8,-1.0774565768405893,0,False,False,False,0,No
Loni,India,2024-09,2024,9,-0.6516383564886381,0,False,False,False,0,No
Loni,India,2024-10,2024,10,0.27846287684268517,1,False,False,True,0,No
Loni,India,2024-11,2024,11,0.9856208067688753,2,False,True,True,0,No
Loni,India,2024-12,2024,12,0.38774448282885926,1,False,False,True,0,No
Loni,India,2025-01,2025,1,0.29817967076608115,0,False,False,True,0,No
Loni,India,2025-02,2025,2,0.03281630265640997,0,False,False,True,0,No
Loni,India,2025-03,2025,3,0.20539241460840044,1,False,False,False,0,No
Loni,India,2025-04,2025,4,0.8278939958365935,3,False,True,False,0,No
Loni,India,2025-05,2025,5,0.42379663749504937,1,False,False,False,0,No
Loni,India,2025-06,2025,6,-0.16861721600554383,0,False,False,False,0,No
Loni,India,2025-07,2025,7,-0.6968549150655496,0,False,False,False,0,No
Loni,India,2025-08,2025,8,-0.9021935068598468,0,False,False,False,0,No
Loni,India,2025-09,2025,9,-0.7075677122198348,0,False,False,False,0,No
Loni,India,2025-10,2025,10,-0.1288672276742005,0,False,False,True,0,No
Loni,India,2025-11,2025,11,0.4600494490698387,2,False,True,True,0,No
Loni,India,2025-12,2025,12,0.06050143579369196,1,False,False,True,0,No
Loni,India,2026-01,2026,1,0.07194628394166944,1,False,False,True,0,No
Loni,India,2026-02,2026,2,0.10962146005530667,0,False,False,True,0,No
Loni,India,2026-03,2026,3,0.09245598821878145,1,False,False,False,0,No
Loni,India,2026-04,2026,4,0.2682416448929372,2,False,True,False,0,No
Loni,India,2026-05,2026,5,0.4434968992066917,2,False,True,False,0,No
Loni,India,2026-06,2026,6,0.11608039392964682,2,False,True,False,0,No
Noida,India,2018-07,2018,7,-0.6268632913937928,0,False,False,False,0,No
Noida,India,2018-08,2018,8,-0.9095334519984164,0,False,False,False,0,No
Noida,India,2018-09,2018,9,-0.5680130594669489,0,False,False,False,0,No
Noida,India,2018-10,2018,10,0.11914751079844907,0,False,False,True,0,No
Noida,India,2018-11,2018,11,-0.0480966661270936,1,False,False,True,0,No
Noida,India,2018-12,2018,12,0.49371017913727633,2,False,True,True,0,No
Noida,India,2019-01,2019,1,0.3184733739048186,2,False,True,True,0,No
Noida,India,2019-02,2019,2,-0.05008314942516727,2,False,True,True,0,No
Noida,India,2019-03,2019,3,0.04187456726333787,1,False,False,False,0,No
Noida,India,2019-04,2019,4,0.09264571958312737,0,False,False,False,0,No
Noida,India,2019-05,2019,5,0.14805955389389874,0,False,False,False,0,No
Noida,India,2019-06,2019,6,-0.007288782986920742,0,False,False,False,0,No
Noida,India,2019-07,2019,7,-0.9612967577287754,0,False,False,False,0,No
Noida,India,2019-08,2019,8,-1.0255015008952542,0,False,False,False,0,No
Noida,India,2019-09,2019,9,-1.0883626770541417,0,False,False,False,0,No
Noida,India,2019-10,2019,10,-0.10642392074526383,1,False,False,True,0,No
Noida,India,2019-11,2019,11,-0.4118624886680964,0,False,False,True,0,No
Noida,India,2019-12,2019,12,0.4982484459902213,2,False,True,True,0,No
Noida,India,2020-01,2020,1,0.1308482130842626,1,False,False,True,0,No
Noida,India,2020-02,2020,2,0.31321622478018496,1,False,False,True,0,No
Noida,India,2020-03,2020,3,-0.2257366182541826,1,False,False,False,0,No
Noida,India,2020-04,2020,4,-0.14271272455456346,1,False,False,False,0,No
Noida,India,2020-05,2020,5,-0.15020167217043567,0,False,False,False,0,No
Noida,India,2020-06,2020,6,-0.5622525258357273,0,False,False,False,0,No
Noida,India,2020-07,2020,7,-1.3701672357770844,0,False,False,False,0,No
Noida,India,2020-08,2020,8,-1.5307429067487546,0,False,False,False,0,No
Noida,India,2020-09,2020,9,-0.7903679475720014,0,False,False,False,0,No
Noida,India,2020-10,2020,10,0.006391849269768701,1,False,False,True,0,No
Noida,India,2020-11,2020,11,0.4117244636679544,2,False,True,True,0,No
Noida,India,2020-12,2020,12,0.3999446150962455,2,False,True,True,0,No
Noida,India,2021-01,2021,1,-0.07700609081252549,2,False,True,True,0,No
Noida,India,2021-02,2021,2,0.19507617307887526,2,False,True,True,0,No
Noida,India,2021-03,2021,3,-0.10203300966765694,0,False,False,False,0,No
Noida,India,2021-04,2021,4,0.42243308084874415,1,False,False,False,0,No
Noida,India,2021-05,2021,5,-0.2516354649568622,0,False,False,False,0,No
Noida,India,2021-06,2021,6,-0.39109030527516336,0,False,False,False,0,No
Noida,India,2021-07,2021,7,-0.680470444870614,0,False,False,False,0,No
Noida,India,2021-08,2021,8,-0.6190254300081948,0,False,False,False,0,No
Noida,India,2021-09,2021,9,-0.9808742251652728,0,False,False,False,0,No
Noida,India,2021-10,2021,10,0.09339785402334777,0,False,False,True,0,No
Noida,India,2021-11,2021,11,0.8931211521571056,3,False,True,True,0,No
Noida,India,2021-12,2021,12,0.8912369914374343,2,False,True,True,0,No
Noida,India,2022-01,2022,1,0.5616842159365307,1,False,False,True,0,No
Noida,India,2022-02,2022,2,0.7011398061377438,1,False,False,True,0,No
Noida,India,2022-03,2022,3,0.5634577982316753,1,False,False,False,0,No
Noida,India,2022-04,2022,4,0.6751407980104431,2,False,True,False,0,No
Noida,India,2022-05,2022,5,0.8118838383671967,1,False,False,False,0,No
Noida,India,2022-06,2022,6,0.0644790370932807,1,False,False,False,0,No
Noida,India,2022-07,2022,7,-0.947987945739408,0,False,False,False,0,No
Noida,India,2022-08,2022,8,-0.8991065881287035,0,False,False,False,0,No
Noida,India,2022-09,2022,9,-0.5015956686915088,0,False,False,False,0,No
Noida,India,2022-10,2022,10,0.1707867125146066,0,False,False,True,0,No
Noida,India,2022-11,2022,11,0.5109074038243557,3,False,True,True,0,No
Noida,India,2022-12,2022,12,0.6711825164685221,2,False,True,True,0,No
Noida,India,2023-01,2023,1,0.5301799259010351,2,False,True,True,0,No
Noida,India,2023-02,2023,2,0.12115199944588224,0,False,False,True,0,No
Noida,India,2023-03,2023,3,-0.06946064424081118,0,False,False,False,0,No
Noida,India,2023-04,2023,4,0.4903862169172246,1,False,False,False,0,No
Noida,India,2023-05,2023,5,0.22040610800949478,1,False,False,False,0,No
Noida,India,2023-06,2023,6,-0.3801183974758283,0,False,False,False,0,No
Noida,India,2023-07,2023,7,-0.9740116051551901,0,False,False,False,0,No
Noida,India,2023-08,2023,8,-0.600853212841967,0,False,False,False,0,No
Noida,India,2023-09,2023,9,-0.4988370607485363,0,False,False,False,0,No
Noida,India,2023-10,2023,10,0.4203396428387237,0,False,False,True,0,No
Noida,India,2023-11,2023,11,0.8626872799272409,2,False,True,True,0,No
Noida,India,2023-12,2023,12,1.252444248345027,3,True,True,True,1,Yes
Noida,India,2024-01,2024,1,1.251544388294048,4,True,True,True,1,Yes
Noida,India,2024-02,2024,2,0.5234270940226087,1,False,False,True,0,No
Noida,India,2024-03,2024,3,0.5667402687554977,2,False,True,False,0,No
Noida,India,2024-04,2024,4,0.7797535963077294,2,False,True,False,0,No
Noida,India,2024-05,2024,5,1.2279293702120568,3,True,True,False,0,No
Noida,India,2024-06,2024,6,0.4309220232226769,1,False,False,False,0,No
Noida,India,2024-07,2024,7,-0.847286719653899,0,False,False,False,0,No
Noida,India,2024-08,2024,8,-1.052514753533616,0,False,False,False,0,No
Noida,India,2024-09,2024,9,-0.6013460136778895,0,False,False,False,0,No
Noida,India,2024-10,2024,10,0.25925758547564054,0,False,False,True,0,No
Noida,India,2024-11,2024,11,0.8848745500127692,2,False,True,True,0,No
Noida,India,2024-12,2024,12,0.4287795241947624,1,False,False,True,0,No
Noida,India,2025-01,2025,1,0.26916508393966654,0,False,False,True,0,No
Noida,India,2025-02,2025,2,0.1636552172980125,0,False,False,True,0,No
Noida,India,2025-03,2025,3,0.1296464324996441,1,False,False,False,0,No
Noida,India,2025-04,2025,4,0.5973404665843288,3,False,True,False,0,No
Noida,India,2025-05,2025,5,0.23781379146924522,1,False,False,False,0,No
Noida,India,2025-06,2025,6,-0.176638429385862,0,False,False,False,0,No
Noida,India,2025-07,2025,7,-0.7975921551677763,0,False,False,False,0,No
Noida,India,2025-08,2025,8,-0.9365208952680802,0,False,False,False,0,No
Noida,India,2025-09,2025,9,-0.6445567832765756,0,False,False,False,0,No
Noida,India,2025-10,2025,10,-0.14798725730223228,0,False,False,True,0,No
Noida,India,2025-11,2025,11,0.7645938405379031,3,False,True,True,0,No
Noida,India,2025-12,2025,12,0.022802860727117947,1,False,False,True,0,No
Noida,India,2026-01,2026,1,0.06092917610164578,1,False,False,True,0,No
Noida,India,2026-02,2026,2,0.14811708988336583,0,False,False,True,0,No
Noida,India,2026-03,2026,3,0.04111892946073366,1,False,False,False,0,No
Noida,India,2026-04,2026,4,0.3328204792283056,2,False,True,False,0,No
Noida,India,2026-05,2026,5,0.3475041590063378,2,False,True,False,0,No
Noida,India,2026-06,2026,6,0.1875130352286259,2,False,True,False,0,No
